Date,AdjClose,Volume,Month,DayOfMonth,DayOfWeek,Diff_HighLow,Diff_OpenClose,AdjClose_Lag1,Diff_HighLow_Lag1,Diff_OpenClose_Lag1,Volume_Lag1,AdjClose_Lag2,Diff_HighLow_Lag2,Diff_OpenClose_Lag2,Volume_Lag2,AdjClose_Lag3,Diff_HighLow_Lag3,Diff_OpenClose_Lag3,Volume_Lag3,AdjClose_Lag4,Diff_HighLow_Lag4,Diff_OpenClose_Lag4,Volume_Lag4,AdjClose_Lag5,Diff_HighLow_Lag5,Diff_OpenClose_Lag5,Volume_Lag5,AdjClose_Lag6,Diff_HighLow_Lag6,Diff_OpenClose_Lag6,Volume_Lag6,AdjClose_Lag7,Diff_HighLow_Lag7,Diff_OpenClose_Lag7,Volume_Lag7
2017-09-20,117.5803451538086,1729200,9,20,2,0.6100006103515625,-0.079986572265625,117.38921356201172,0.25,0.089996337890625,1241700.0,117.33460235595705,0.410003662109375,-0.05999755859375,1792300.0,117.0524444580078,0.4199981689453125,-0.290008544921875,1531300.0,116.833984375,0.4099884033203125,-0.1300048828125,1493200.0,116.87037658691406,0.290008544921875,-0.1699981689453125,1692500.0,116.81578826904295,0.339996337890625,-0.3000030517578125,2264200.0,116.36978149414062,0.7600021362304688,-0.6999969482421875,1346500.0
2017-09-21,117.25267791748048,1730600,9,21,3,0.410003662109375,0.29998779296875,117.5803451538086,0.6100006103515625,-0.079986572265625,1729200.0,117.38921356201172,0.25,0.089996337890625,1241700.0,117.33460235595705,0.410003662109375,-0.05999755859375,1792300.0,117.0524444580078,0.4199981689453125,-0.290008544921875,1531300.0,116.833984375,0.4099884033203125,-0.1300048828125,1493200.0,116.87037658691406,0.290008544921875,-0.1699981689453125,1692500.0,116.81578826904295,0.339996337890625,-0.3000030517578125,2264200.0
2017-09-22,117.3468246459961,1601600,9,22,4,0.45000457763673296,-0.2299957275390625,117.25267791748048,0.410003662109375,0.29998779296875,1730600.0,117.5803451538086,0.6100006103515625,-0.079986572265625,1729200.0,117.38921356201172,0.25,0.089996337890625,1241700.0,117.33460235595705,0.410003662109375,-0.05999755859375,1792300.0,117.0524444580078,0.4199981689453125,-0.290008544921875,1531300.0,116.833984375,0.4099884033203125,-0.1300048828125,1493200.0,116.87037658691406,0.290008544921875,-0.1699981689453125,1692500.0
2017-09-25,117.15486907958984,2186000,9,25,0,0.7399902343750142,0.0800018310546875,117.3468246459961,0.45000457763673296,-0.2299957275390625,1601600.0,117.25267791748048,0.410003662109375,0.29998779296875,1730600.0,117.5803451538086,0.6100006103515625,-0.079986572265625,1729200.0,117.38921356201172,0.25,0.089996337890625,1241700.0,117.33460235595705,0.410003662109375,-0.05999755859375,1792300.0,117.0524444580078,0.4199981689453125,-0.290008544921875,1531300.0,116.833984375,0.4099884033203125,-0.1300048828125,1493200.0
2017-09-26,117.18228912353516,1851500,9,26,1,0.399993896484375,0.160003662109375,117.15486907958984,0.7399902343750142,0.0800018310546875,2186000.0,117.3468246459961,0.45000457763673296,-0.2299957275390625,1601600.0,117.25267791748048,0.410003662109375,0.29998779296875,1730600.0,117.5803451538086,0.6100006103515625,-0.079986572265625,1729200.0,117.38921356201172,0.25,0.089996337890625,1241700.0,117.33460235595705,0.410003662109375,-0.05999755859375,1792300.0,117.0524444580078,0.4199981689453125,-0.290008544921875,1531300.0
2017-09-27,117.82219696044922,2374400,9,27,2,0.9300079345703125,-0.0500030517578125,117.18228912353516,0.399993896484375,0.160003662109375,1851500.0,117.15486907958984,0.7399902343750142,0.0800018310546875,2186000.0,117.3468246459961,0.45000457763673296,-0.2299957275390625,1601600.0,117.25267791748048,0.410003662109375,0.29998779296875,1730600.0,117.5803451538086,0.6100006103515625,-0.079986572265625,1729200.0,117.38921356201172,0.25,0.089996337890625,1241700.0,117.33460235595705,0.410003662109375,-0.05999755859375,1792300.0
2017-09-28,118.01416015625,1484800,9,28,3,0.470001220703125,-0.279998779296875,117.82219696044922,0.9300079345703125,-0.0500030517578125,2374400.0,117.18228912353516,0.399993896484375,0.160003662109375,1851500.0,117.15486907958984,0.7399902343750142,0.0800018310546875,2186000.0,117.3468246459961,0.45000457763673296,-0.2299957275390625,1601600.0,117.25267791748048,0.410003662109375,0.29998779296875,1730600.0,117.5803451538086,0.6100006103515625,-0.079986572265625,1729200.0,117.38921356201172,0.25,0.089996337890625,1241700.0
2017-09-29,118.39810180664062,1720600,9,29,4,0.5500030517578125,-0.5,118.01416015625,0.470001220703125,-0.279998779296875,1484800.0,117.82219696044922,0.9300079345703125,-0.0500030517578125,2374400.0,117.18228912353516,0.399993896484375,0.160003662109375,1851500.0,117.15486907958984,0.7399902343750142,0.0800018310546875,2186000.0,117.3468246459961,0.45000457763673296,-0.2299957275390625,1601600.0,117.25267791748048,0.410003662109375,0.29998779296875,1730600.0,117.5803451538086,0.6100006103515625,-0.079986572265625,1729200.0
2017-10-02,119.01968383789062,2678000,10,2,0,0.649993896484375,-0.55999755859375,118.39810180664062,0.5500030517578125,-0.5,1720600.0,118.01416015625,0.470001220703125,-0.279998779296875,1484800.0,117.82219696044922,0.9300079345703125,-0.0500030517578125,2374400.0,117.18228912353516,0.399993896484375,0.160003662109375,1851500.0,117.15486907958984,0.7399902343750142,0.0800018310546875,2186000.0,117.3468246459961,0.45000457763673296,-0.2299957275390625,1601600.0,117.25267791748048,0.410003662109375,0.29998779296875,1730600.0
2017-10-03,119.2573699951172,1825100,10,3,1,0.3699951171875,-0.1500091552734375,119.01968383789062,0.649993896484375,-0.55999755859375,2678000.0,118.39810180664062,0.5500030517578125,-0.5,1720600.0,118.01416015625,0.470001220703125,-0.279998779296875,1484800.0,117.82219696044922,0.9300079345703125,-0.0500030517578125,2374400.0,117.18228912353516,0.399993896484375,0.160003662109375,1851500.0,117.15486907958984,0.7399902343750142,0.0800018310546875,2186000.0,117.3468246459961,0.45000457763673296,-0.2299957275390625,1601600.0
2017-10-04,119.3761978149414,1495700,10,4,2,0.4799957275390625,-0.1399993896484375,119.2573699951172,0.3699951171875,-0.1500091552734375,1825100.0,119.01968383789062,0.649993896484375,-0.55999755859375,2678000.0,118.39810180664062,0.5500030517578125,-0.5,1720600.0,118.01416015625,0.470001220703125,-0.279998779296875,1484800.0,117.82219696044922,0.9300079345703125,-0.0500030517578125,2374400.0,117.18228912353516,0.399993896484375,0.160003662109375,1851500.0,117.15486907958984,0.7399902343750142,0.0800018310546875,2186000.0
2017-10-05,120.00695037841795,2387200,10,5,3,0.6199951171875,-0.5500030517578125,119.3761978149414,0.4799957275390625,-0.1399993896484375,1495700.0,119.2573699951172,0.3699951171875,-0.1500091552734375,1825100.0,119.01968383789062,0.649993896484375,-0.55999755859375,2678000.0,118.39810180664062,0.5500030517578125,-0.5,1720600.0,118.01416015625,0.470001220703125,-0.279998779296875,1484800.0,117.82219696044922,0.9300079345703125,-0.0500030517578125,2374400.0,117.18228912353516,0.399993896484375,0.160003662109375,1851500.0
2017-10-06,119.92465209960938,1635000,10,6,4,0.3199920654296875,-0.1300048828125,120.00695037841795,0.6199951171875,-0.5500030517578125,2387200.0,119.3761978149414,0.4799957275390625,-0.1399993896484375,1495700.0,119.2573699951172,0.3699951171875,-0.1500091552734375,1825100.0,119.01968383789062,0.649993896484375,-0.55999755859375,2678000.0,118.39810180664062,0.5500030517578125,-0.5,1720600.0,118.01416015625,0.470001220703125,-0.279998779296875,1484800.0,117.82219696044922,0.9300079345703125,-0.0500030517578125,2374400.0
2017-10-09,119.68700408935548,1012100,10,9,0,0.600006103515625,0.3700103759765625,119.92465209960938,0.3199920654296875,-0.1300048828125,1635000.0,120.00695037841795,0.6199951171875,-0.5500030517578125,2387200.0,119.3761978149414,0.4799957275390625,-0.1399993896484375,1495700.0,119.2573699951172,0.3699951171875,-0.1500091552734375,1825100.0,119.01968383789062,0.649993896484375,-0.55999755859375,2678000.0,118.39810180664062,0.5500030517578125,-0.5,1720600.0,118.01416015625,0.470001220703125,-0.279998779296875,1484800.0
2017-10-10,119.97040557861328,2915300,10,10,1,0.5399932861328125,0.0099945068359375,119.68700408935548,0.600006103515625,0.3700103759765625,1012100.0,119.92465209960938,0.3199920654296875,-0.1300048828125,1635000.0,120.00695037841795,0.6199951171875,-0.5500030517578125,2387200.0,119.3761978149414,0.4799957275390625,-0.1399993896484375,1495700.0,119.2573699951172,0.3699951171875,-0.1500091552734375,1825100.0,119.01968383789062,0.649993896484375,-0.55999755859375,2678000.0,118.39810180664062,0.5500030517578125,-0.5,1720600.0
2017-10-11,120.13492584228516,2012700,10,11,2,0.329986572265625,-0.17999267578125,119.97040557861328,0.5399932861328125,0.0099945068359375,2915300.0,119.68700408935548,0.600006103515625,0.3700103759765625,1012100.0,119.92465209960938,0.3199920654296875,-0.1300048828125,1635000.0,120.00695037841795,0.6199951171875,-0.5500030517578125,2387200.0,119.3761978149414,0.4799957275390625,-0.1399993896484375,1495700.0,119.2573699951172,0.3699951171875,-0.1500091552734375,1825100.0,119.01968383789062,0.649993896484375,-0.55999755859375,2678000.0
2017-10-12,119.98867797851562,2171200,10,12,3,0.3300018310546875,-0.0999908447265625,120.13492584228516,0.329986572265625,-0.17999267578125,2012700.0,119.97040557861328,0.5399932861328125,0.0099945068359375,2915300.0,119.68700408935548,0.600006103515625,0.3700103759765625,1012100.0,119.92465209960938,0.3199920654296875,-0.1300048828125,1635000.0,120.00695037841795,0.6199951171875,-0.5500030517578125,2387200.0,119.3761978149414,0.4799957275390625,-0.1399993896484375,1495700.0,119.2573699951172,0.3699951171875,-0.1500091552734375,1825100.0
2017-10-13,120.08007049560548,1543900,10,13,4,0.30999755859375,0.19000244140625,119.98867797851562,0.3300018310546875,-0.0999908447265625,2171200.0,120.13492584228516,0.329986572265625,-0.17999267578125,2012700.0,119.97040557861328,0.5399932861328125,0.0099945068359375,2915300.0,119.68700408935548,0.600006103515625,0.3700103759765625,1012100.0,119.92465209960938,0.3199920654296875,-0.1300048828125,1635000.0,120.00695037841795,0.6199951171875,-0.5500030517578125,2387200.0,119.3761978149414,0.4799957275390625,-0.1399993896484375,1495700.0
2017-10-16,120.16236114501952,1789500,10,16,0,0.3799896240234375,0.0500030517578125,120.08007049560548,0.30999755859375,0.19000244140625,1543900.0,119.98867797851562,0.3300018310546875,-0.0999908447265625,2171200.0,120.13492584228516,0.329986572265625,-0.17999267578125,2012700.0,119.97040557861328,0.5399932861328125,0.0099945068359375,2915300.0,119.68700408935548,0.600006103515625,0.3700103759765625,1012100.0,119.92465209960938,0.3199920654296875,-0.1300048828125,1635000.0,120.00695037841795,0.6199951171875,-0.5500030517578125,2387200.0
2017-10-17,120.21720886230467,1340600,10,17,1,0.230010986328125,-0.0099945068359375,120.16236114501952,0.3799896240234375,0.0500030517578125,1789500.0,120.08007049560548,0.30999755859375,0.19000244140625,1543900.0,119.98867797851562,0.3300018310546875,-0.0999908447265625,2171200.0,120.13492584228516,0.329986572265625,-0.17999267578125,2012700.0,119.97040557861328,0.5399932861328125,0.0099945068359375,2915300.0,119.68700408935548,0.600006103515625,0.3700103759765625,1012100.0,119.92465209960938,0.3199920654296875,-0.1300048828125,1635000.0
2017-10-18,120.37258911132812,1470900,10,18,2,0.2599945068359375,0.1200103759765625,120.21720886230467,0.230010986328125,-0.0099945068359375,1340600.0,120.16236114501952,0.3799896240234375,0.0500030517578125,1789500.0,120.08007049560548,0.30999755859375,0.19000244140625,1543900.0,119.98867797851562,0.3300018310546875,-0.0999908447265625,2171200.0,120.13492584228516,0.329986572265625,-0.17999267578125,2012700.0,119.97040557861328,0.5399932861328125,0.0099945068359375,2915300.0,119.68700408935548,0.600006103515625,0.3700103759765625,1012100.0
2017-10-19,120.40005493164062,1942600,10,19,3,0.7700042724609375,-0.4600067138671875,120.37258911132812,0.2599945068359375,0.1200103759765625,1470900.0,120.21720886230467,0.230010986328125,-0.0099945068359375,1340600.0,120.16236114501952,0.3799896240234375,0.0500030517578125,1789500.0,120.08007049560548,0.30999755859375,0.19000244140625,1543900.0,119.98867797851562,0.3300018310546875,-0.0999908447265625,2171200.0,120.13492584228516,0.329986572265625,-0.17999267578125,2012700.0,119.97040557861328,0.5399932861328125,0.0099945068359375,2915300.0
2017-10-20,121.0490493774414,1751000,10,20,4,0.3799896240234375,-0.3499908447265625,120.40005493164062,0.7700042724609375,-0.4600067138671875,1942600.0,120.37258911132812,0.2599945068359375,0.1200103759765625,1470900.0,120.21720886230467,0.230010986328125,-0.0099945068359375,1340600.0,120.16236114501952,0.3799896240234375,0.0500030517578125,1789500.0,120.08007049560548,0.30999755859375,0.19000244140625,1543900.0,119.98867797851562,0.3300018310546875,-0.0999908447265625,2171200.0,120.13492584228516,0.329986572265625,-0.17999267578125,2012700.0
2017-10-23,120.5371322631836,1755700,10,23,0,0.8899993896484375,0.7700042724609375,121.0490493774414,0.3799896240234375,-0.3499908447265625,1751000.0,120.40005493164062,0.7700042724609375,-0.4600067138671875,1942600.0,120.37258911132812,0.2599945068359375,0.1200103759765625,1470900.0,120.21720886230467,0.230010986328125,-0.0099945068359375,1340600.0,120.16236114501952,0.3799896240234375,0.0500030517578125,1789500.0,120.08007049560548,0.30999755859375,0.19000244140625,1543900.0,119.98867797851562,0.3300018310546875,-0.0999908447265625,2171200.0
2017-10-24,120.7474136352539,1574400,10,24,1,0.339996337890625,0.07000732421875,120.5371322631836,0.8899993896484375,0.7700042724609375,1755700.0,121.0490493774414,0.3799896240234375,-0.3499908447265625,1751000.0,120.40005493164062,0.7700042724609375,-0.4600067138671875,1942600.0,120.37258911132812,0.2599945068359375,0.1200103759765625,1470900.0,120.21720886230467,0.230010986328125,-0.0099945068359375,1340600.0,120.16236114501952,0.3799896240234375,0.0500030517578125,1789500.0,120.08007049560548,0.30999755859375,0.19000244140625,1543900.0
2017-10-25,120.11663055419922,2186500,10,25,2,1.2599945068359375,0.510009765625,120.7474136352539,0.339996337890625,0.07000732421875,1574400.0,120.5371322631836,0.8899993896484375,0.7700042724609375,1755700.0,121.0490493774414,0.3799896240234375,-0.3499908447265625,1751000.0,120.40005493164062,0.7700042724609375,-0.4600067138671875,1942600.0,120.37258911132812,0.2599945068359375,0.1200103759765625,1470900.0,120.21720886230467,0.230010986328125,-0.0099945068359375,1340600.0,120.16236114501952,0.3799896240234375,0.0500030517578125,1789500.0
2017-10-26,120.27204895019533,5396300,10,26,3,0.519989013671875,0.149993896484375,120.11663055419922,1.2599945068359375,0.510009765625,2186500.0,120.7474136352539,0.339996337890625,0.07000732421875,1574400.0,120.5371322631836,0.8899993896484375,0.7700042724609375,1755700.0,121.0490493774414,0.3799896240234375,-0.3499908447265625,1751000.0,120.40005493164062,0.7700042724609375,-0.4600067138671875,1942600.0,120.37258911132812,0.2599945068359375,0.1200103759765625,1470900.0,120.21720886230467,0.230010986328125,-0.0099945068359375,1340600.0
2017-10-27,121.25015258789062,2672600,10,27,4,0.910003662109375,-0.6999969482421875,120.27204895019533,0.519989013671875,0.149993896484375,5396300.0,120.11663055419922,1.2599945068359375,0.510009765625,2186500.0,120.7474136352539,0.339996337890625,0.07000732421875,1574400.0,120.5371322631836,0.8899993896484375,0.7700042724609375,1755700.0,121.0490493774414,0.3799896240234375,-0.3499908447265625,1751000.0,120.40005493164062,0.7700042724609375,-0.4600067138671875,1942600.0,120.37258911132812,0.2599945068359375,0.1200103759765625,1470900.0
2017-10-30,120.71995544433594,1688900,10,30,0,0.6399993896484375,-0.1199951171875,121.25015258789062,0.910003662109375,-0.6999969482421875,2672600.0,120.27204895019533,0.519989013671875,0.149993896484375,5396300.0,120.11663055419922,1.2599945068359375,0.510009765625,2186500.0,120.7474136352539,0.339996337890625,0.07000732421875,1574400.0,120.5371322631836,0.8899993896484375,0.7700042724609375,1755700.0,121.0490493774414,0.3799896240234375,-0.3499908447265625,1751000.0,120.40005493164062,0.7700042724609375,-0.4600067138671875,1942600.0
2017-10-31,120.96678161621094,2378300,10,31,1,0.3800048828125,-0.05999755859375,120.71995544433594,0.6399993896484375,-0.1199951171875,1688900.0,121.25015258789062,0.910003662109375,-0.6999969482421875,2672600.0,120.27204895019533,0.519989013671875,0.149993896484375,5396300.0,120.11663055419922,1.2599945068359375,0.510009765625,2186500.0,120.7474136352539,0.339996337890625,0.07000732421875,1574400.0,120.5371322631836,0.8899993896484375,0.7700042724609375,1755700.0,121.0490493774414,0.3799896240234375,-0.3499908447265625,1751000.0
2017-11-01,121.06734466552734,2275500,11,1,2,0.8600006103515625,0.3899993896484375,120.96678161621094,0.3800048828125,-0.05999755859375,2378300.0,120.71995544433594,0.6399993896484375,-0.1199951171875,1688900.0,121.25015258789062,0.910003662109375,-0.6999969482421875,2672600.0,120.27204895019533,0.519989013671875,0.149993896484375,5396300.0,120.11663055419922,1.2599945068359375,0.510009765625,2186500.0,120.7474136352539,0.339996337890625,0.07000732421875,1574400.0,120.5371322631836,0.8899993896484375,0.7700042724609375,1755700.0
2017-11-02,121.09478759765624,5097200,11,2,3,0.709991455078125,-0.1300048828125,121.06734466552734,0.8600006103515625,0.3899993896484375,2275500.0,120.96678161621094,0.3800048828125,-0.05999755859375,2378300.0,120.71995544433594,0.6399993896484375,-0.1199951171875,1688900.0,121.25015258789062,0.910003662109375,-0.6999969482421875,2672600.0,120.27204895019533,0.519989013671875,0.149993896484375,5396300.0,120.11663055419922,1.2599945068359375,0.510009765625,2186500.0,120.7474136352539,0.339996337890625,0.07000732421875,1574400.0
2017-11-03,121.41472625732422,2677400,11,3,4,0.6100006103515625,-0.2800140380859375,121.09478759765624,0.709991455078125,-0.1300048828125,5097200.0,121.06734466552734,0.8600006103515625,0.3899993896484375,2275500.0,120.96678161621094,0.3800048828125,-0.05999755859375,2378300.0,120.71995544433594,0.6399993896484375,-0.1199951171875,1688900.0,121.25015258789062,0.910003662109375,-0.6999969482421875,2672600.0,120.27204895019533,0.519989013671875,0.149993896484375,5396300.0,120.11663055419922,1.2599945068359375,0.510009765625,2186500.0
2017-11-06,121.64323425292967,2017700,11,6,0,0.4199981689453125,-0.3000030517578125,121.41472625732422,0.6100006103515625,-0.2800140380859375,2677400.0,121.09478759765624,0.709991455078125,-0.1300048828125,5097200.0,121.06734466552734,0.8600006103515625,0.3899993896484375,2275500.0,120.96678161621094,0.3800048828125,-0.05999755859375,2378300.0,120.71995544433594,0.6399993896484375,-0.1199951171875,1688900.0,121.25015258789062,0.910003662109375,-0.6999969482421875,2672600.0,120.27204895019533,0.519989013671875,0.149993896484375,5396300.0
2017-11-07,121.43297576904295,2527400,11,7,1,0.8000030517578125,0.32000732421875,121.64323425292967,0.4199981689453125,-0.3000030517578125,2017700.0,121.41472625732422,0.6100006103515625,-0.2800140380859375,2677400.0,121.09478759765624,0.709991455078125,-0.1300048828125,5097200.0,121.06734466552734,0.8600006103515625,0.3899993896484375,2275500.0,120.96678161621094,0.3800048828125,-0.05999755859375,2378300.0,120.71995544433594,0.6399993896484375,-0.1199951171875,1688900.0,121.25015258789062,0.910003662109375,-0.6999969482421875,2672600.0
2017-11-08,121.63411712646484,1267700,11,8,2,0.5699920654296875,-0.3300018310546875,121.43297576904295,0.8000030517578125,0.32000732421875,2527400.0,121.64323425292967,0.4199981689453125,-0.3000030517578125,2017700.0,121.41472625732422,0.6100006103515625,-0.2800140380859375,2677400.0,121.09478759765624,0.709991455078125,-0.1300048828125,5097200.0,121.06734466552734,0.8600006103515625,0.3899993896484375,2275500.0,120.96678161621094,0.3800048828125,-0.05999755859375,2378300.0,120.71995544433594,0.6399993896484375,-0.1199951171875,1688900.0
2017-11-09,121.14045715332033,4320300,11,9,3,1.1200103759765625,-0.1399993896484375,121.63411712646484,0.5699920654296875,-0.3300018310546875,1267700.0,121.43297576904295,0.8000030517578125,0.32000732421875,2527400.0,121.64323425292967,0.4199981689453125,-0.3000030517578125,2017700.0,121.41472625732422,0.6100006103515625,-0.2800140380859375,2677400.0,121.09478759765624,0.709991455078125,-0.1300048828125,5097200.0,121.06734466552734,0.8600006103515625,0.3899993896484375,2275500.0,120.96678161621094,0.3800048828125,-0.05999755859375,2378300.0
2017-11-10,121.15876770019533,2042100,11,10,4,0.4600067138671875,-0.29998779296875,121.14045715332033,1.1200103759765625,-0.1399993896484375,4320300.0,121.63411712646484,0.5699920654296875,-0.3300018310546875,1267700.0,121.43297576904295,0.8000030517578125,0.32000732421875,2527400.0,121.64323425292967,0.4199981689453125,-0.3000030517578125,2017700.0,121.41472625732422,0.6100006103515625,-0.2800140380859375,2677400.0,121.09478759765624,0.709991455078125,-0.1300048828125,5097200.0,121.06734466552734,0.8600006103515625,0.3899993896484375,2275500.0
2017-11-13,121.22274017333984,1876000,11,13,0,0.6699981689453125,-0.5,121.15876770019533,0.4600067138671875,-0.29998779296875,2042100.0,121.14045715332033,1.1200103759765625,-0.1399993896484375,4320300.0,121.63411712646484,0.5699920654296875,-0.3300018310546875,1267700.0,121.43297576904295,0.8000030517578125,0.32000732421875,2527400.0,121.64323425292967,0.4199981689453125,-0.3000030517578125,2017700.0,121.41472625732422,0.6100006103515625,-0.2800140380859375,2677400.0,121.09478759765624,0.709991455078125,-0.1300048828125,5097200.0
2017-11-14,121.00334930419922,3776500,11,14,1,0.6300048828125,-0.149993896484375,121.22274017333984,0.6699981689453125,-0.5,1876000.0,121.15876770019533,0.4600067138671875,-0.29998779296875,2042100.0,121.14045715332033,1.1200103759765625,-0.1399993896484375,4320300.0,121.63411712646484,0.5699920654296875,-0.3300018310546875,1267700.0,121.43297576904295,0.8000030517578125,0.32000732421875,2527400.0,121.64323425292967,0.4199981689453125,-0.3000030517578125,2017700.0,121.41472625732422,0.6100006103515625,-0.2800140380859375,2677400.0
2017-11-15,120.38174438476562,1772400,11,15,2,0.8699951171875,0.0999908447265625,121.00334930419922,0.6300048828125,-0.149993896484375,3776500.0,121.22274017333984,0.6699981689453125,-0.5,1876000.0,121.15876770019533,0.4600067138671875,-0.29998779296875,2042100.0,121.14045715332033,1.1200103759765625,-0.1399993896484375,4320300.0,121.63411712646484,0.5699920654296875,-0.3300018310546875,1267700.0,121.43297576904295,0.8000030517578125,0.32000732421875,2527400.0,121.64323425292967,0.4199981689453125,-0.3000030517578125,2017700.0
2017-11-16,121.47868347167967,1730600,11,16,3,0.9900054931640625,-0.779998779296875,120.38174438476562,0.8699951171875,0.0999908447265625,1772400.0,121.00334930419922,0.6300048828125,-0.149993896484375,3776500.0,121.22274017333984,0.6699981689453125,-0.5,1876000.0,121.15876770019533,0.4600067138671875,-0.29998779296875,2042100.0,121.14045715332033,1.1200103759765625,-0.1399993896484375,4320300.0,121.63411712646484,0.5699920654296875,-0.3300018310546875,1267700.0,121.43297576904295,0.8000030517578125,0.32000732421875,2527400.0
2017-11-17,121.25015258789062,4850200,11,17,4,0.3000030517578125,0.0,121.47868347167967,0.9900054931640625,-0.779998779296875,1730600.0,120.38174438476562,0.8699951171875,0.0999908447265625,1772400.0,121.00334930419922,0.6300048828125,-0.149993896484375,3776500.0,121.22274017333984,0.6699981689453125,-0.5,1876000.0,121.15876770019533,0.4600067138671875,-0.29998779296875,2042100.0,121.14045715332033,1.1200103759765625,-0.1399993896484375,4320300.0,121.63411712646484,0.5699920654296875,-0.3300018310546875,1267700.0
2017-11-20,121.56095123291016,1805700,11,20,0,0.3700103759765625,-0.1599884033203125,121.25015258789062,0.3000030517578125,0.0,4850200.0,121.47868347167967,0.9900054931640625,-0.779998779296875,1730600.0,120.38174438476562,0.8699951171875,0.0999908447265625,1772400.0,121.00334930419922,0.6300048828125,-0.149993896484375,3776500.0,121.22274017333984,0.6699981689453125,-0.5,1876000.0,121.15876770019533,0.4600067138671875,-0.29998779296875,2042100.0,121.14045715332033,1.1200103759765625,-0.1399993896484375,4320300.0
2017-11-21,122.40196228027344,1956900,11,21,1,0.5200042724609375,-0.459991455078125,121.56095123291016,0.3700103759765625,-0.1599884033203125,1805700.0,121.25015258789062,0.3000030517578125,0.0,4850200.0,121.47868347167967,0.9900054931640625,-0.779998779296875,1730600.0,120.38174438476562,0.8699951171875,0.0999908447265625,1772400.0,121.00334930419922,0.6300048828125,-0.149993896484375,3776500.0,121.22274017333984,0.6699981689453125,-0.5,1876000.0,121.15876770019533,0.4600067138671875,-0.29998779296875,2042100.0
2017-11-22,122.31057739257812,1295600,11,22,2,0.30999755859375,0.1399993896484375,122.40196228027344,0.5200042724609375,-0.459991455078125,1956900.0,121.56095123291016,0.3700103759765625,-0.1599884033203125,1805700.0,121.25015258789062,0.3000030517578125,0.0,4850200.0,121.47868347167967,0.9900054931640625,-0.779998779296875,1730600.0,120.38174438476562,0.8699951171875,0.0999908447265625,1772400.0,121.00334930419922,0.6300048828125,-0.149993896484375,3776500.0,121.22274017333984,0.6699981689453125,-0.5,1876000.0
2017-11-24,122.59395599365234,670500,11,24,4,0.1500091552734375,-0.029998779296875,122.31057739257812,0.30999755859375,0.1399993896484375,1295600.0,122.40196228027344,0.5200042724609375,-0.459991455078125,1956900.0,121.56095123291016,0.3700103759765625,-0.1599884033203125,1805700.0,121.25015258789062,0.3000030517578125,0.0,4850200.0,121.47868347167967,0.9900054931640625,-0.779998779296875,1730600.0,120.38174438476562,0.8699951171875,0.0999908447265625,1772400.0,121.00334930419922,0.6300048828125,-0.149993896484375,3776500.0
2017-11-27,122.46597290039062,1754300,11,27,0,0.4199981689453125,0.149993896484375,122.59395599365234,0.1500091552734375,-0.029998779296875,670500.0,122.31057739257812,0.30999755859375,0.1399993896484375,1295600.0,122.40196228027344,0.5200042724609375,-0.459991455078125,1956900.0,121.56095123291016,0.3700103759765625,-0.1599884033203125,1805700.0,121.25015258789062,0.3000030517578125,0.0,4850200.0,121.47868347167967,0.9900054931640625,-0.779998779296875,1730600.0,120.38174438476562,0.8699951171875,0.0999908447265625,1772400.0
2017-11-28,123.68175506591795,2922900,11,28,1,1.220001220703125,-1.0500030517578125,122.46597290039062,0.4199981689453125,0.149993896484375,1754300.0,122.59395599365234,0.1500091552734375,-0.029998779296875,670500.0,122.31057739257812,0.30999755859375,0.1399993896484375,1295600.0,122.40196228027344,0.5200042724609375,-0.459991455078125,1956900.0,121.56095123291016,0.3700103759765625,-0.1599884033203125,1805700.0,121.25015258789062,0.3000030517578125,0.0,4850200.0,121.47868347167967,0.9900054931640625,-0.779998779296875,1730600.0
2017-11-29,123.68175506591795,2066300,11,29,2,0.769989013671875,0.160003662109375,123.68175506591795,1.220001220703125,-1.0500030517578125,2922900.0,122.46597290039062,0.4199981689453125,0.149993896484375,1754300.0,122.59395599365234,0.1500091552734375,-0.029998779296875,670500.0,122.31057739257812,0.30999755859375,0.1399993896484375,1295600.0,122.40196228027344,0.5200042724609375,-0.459991455078125,1956900.0,121.56095123291016,0.3700103759765625,-0.1599884033203125,1805700.0,121.25015258789062,0.3000030517578125,0.0,4850200.0
2017-11-30,124.6324462890625,2854400,11,30,3,1.1399993896484375,-0.459991455078125,123.68175506591795,0.769989013671875,0.160003662109375,2066300.0,123.68175506591795,1.220001220703125,-1.0500030517578125,2922900.0,122.46597290039062,0.4199981689453125,0.149993896484375,1754300.0,122.59395599365234,0.1500091552734375,-0.029998779296875,670500.0,122.31057739257812,0.30999755859375,0.1399993896484375,1295600.0,122.40196228027344,0.5200042724609375,-0.459991455078125,1956900.0,121.56095123291016,0.3700103759765625,-0.1599884033203125,1805700.0
2017-12-01,124.38563537597656,3585700,12,1,4,2.4600067138671875,0.209991455078125,124.6324462890625,1.1399993896484375,-0.459991455078125,2854400.0,123.68175506591795,0.769989013671875,0.160003662109375,2066300.0,123.68175506591795,1.220001220703125,-1.0500030517578125,2922900.0,122.46597290039062,0.4199981689453125,0.149993896484375,1754300.0,122.59395599365234,0.1500091552734375,-0.029998779296875,670500.0,122.31057739257812,0.30999755859375,0.1399993896484375,1295600.0,122.40196228027344,0.5200042724609375,-0.459991455078125,1956900.0
2017-12-04,124.22108459472656,3119400,12,4,0,1.5,1.149993896484375,124.38563537597656,2.4600067138671875,0.209991455078125,3585700.0,124.6324462890625,1.1399993896484375,-0.459991455078125,2854400.0,123.68175506591795,0.769989013671875,0.160003662109375,2066300.0,123.68175506591795,1.220001220703125,-1.0500030517578125,2922900.0,122.46597290039062,0.4199981689453125,0.149993896484375,1754300.0,122.59395599365234,0.1500091552734375,-0.029998779296875,670500.0,122.31057739257812,0.30999755859375,0.1399993896484375,1295600.0
2017-12-05,123.69090270996094,2583300,12,5,1,1.100006103515625,0.779998779296875,124.22108459472656,1.5,1.149993896484375,3119400.0,124.38563537597656,2.4600067138671875,0.209991455078125,3585700.0,124.6324462890625,1.1399993896484375,-0.459991455078125,2854400.0,123.68175506591795,0.769989013671875,0.160003662109375,2066300.0,123.68175506591795,1.220001220703125,-1.0500030517578125,2922900.0,122.46597290039062,0.4199981689453125,0.149993896484375,1754300.0,122.59395599365234,0.1500091552734375,-0.029998779296875,670500.0
2017-12-06,123.6177749633789,2835600,12,6,2,0.4600067138671875,0.1100006103515625,123.69090270996094,1.100006103515625,0.779998779296875,2583300.0,124.22108459472656,1.5,1.149993896484375,3119400.0,124.38563537597656,2.4600067138671875,0.209991455078125,3585700.0,124.6324462890625,1.1399993896484375,-0.459991455078125,2854400.0,123.68175506591795,0.769989013671875,0.160003662109375,2066300.0,123.68175506591795,1.220001220703125,-1.0500030517578125,2922900.0,122.46597290039062,0.4199981689453125,0.149993896484375,1754300.0
2017-12-07,124.11141204833984,1537600,12,7,3,0.8600006103515625,-0.6300048828125,123.6177749633789,0.4600067138671875,0.1100006103515625,2835600.0,123.69090270996094,1.100006103515625,0.779998779296875,2583300.0,124.22108459472656,1.5,1.149993896484375,3119400.0,124.38563537597656,2.4600067138671875,0.209991455078125,3585700.0,124.6324462890625,1.1399993896484375,-0.459991455078125,2854400.0,123.68175506591795,0.769989013671875,0.160003662109375,2066300.0,123.68175506591795,1.220001220703125,-1.0500030517578125,2922900.0
2017-12-08,124.76043701171876,1502600,12,8,4,0.4499969482421875,-0.1100006103515625,124.11141204833984,0.8600006103515625,-0.6300048828125,1537600.0,123.6177749633789,0.4600067138671875,0.1100006103515625,2835600.0,123.69090270996094,1.100006103515625,0.779998779296875,2583300.0,124.22108459472656,1.5,1.149993896484375,3119400.0,124.38563537597656,2.4600067138671875,0.209991455078125,3585700.0,124.6324462890625,1.1399993896484375,-0.459991455078125,2854400.0,123.68175506591795,0.769989013671875,0.160003662109375,2066300.0
2017-12-11,125.05294799804688,1934300,12,11,0,0.350006103515625,-0.3000030517578125,124.76043701171876,0.4499969482421875,-0.1100006103515625,1502600.0,124.11141204833984,0.8600006103515625,-0.6300048828125,1537600.0,123.6177749633789,0.4600067138671875,0.1100006103515625,2835600.0,123.69090270996094,1.100006103515625,0.779998779296875,2583300.0,124.22108459472656,1.5,1.149993896484375,3119400.0,124.38563537597656,2.4600067138671875,0.209991455078125,3585700.0,124.6324462890625,1.1399993896484375,-0.459991455078125,2854400.0
2017-12-12,125.19003295898438,1517200,12,12,1,0.44000244140625,0.029998779296875,125.05294799804688,0.350006103515625,-0.3000030517578125,1934300.0,124.76043701171876,0.4499969482421875,-0.1100006103515625,1502600.0,124.11141204833984,0.8600006103515625,-0.6300048828125,1537600.0,123.6177749633789,0.4600067138671875,0.1100006103515625,2835600.0,123.69090270996094,1.100006103515625,0.779998779296875,2583300.0,124.22108459472656,1.5,1.149993896484375,3119400.0,124.38563537597656,2.4600067138671875,0.209991455078125,3585700.0
2017-12-13,125.20833587646484,1858800,12,13,2,0.519989013671875,0.05999755859375,125.19003295898438,0.44000244140625,0.029998779296875,1517200.0,125.05294799804688,0.350006103515625,-0.3000030517578125,1934300.0,124.76043701171876,0.4499969482421875,-0.1100006103515625,1502600.0,124.11141204833984,0.8600006103515625,-0.6300048828125,1537600.0,123.6177749633789,0.4600067138671875,0.1100006103515625,2835600.0,123.69090270996094,1.100006103515625,0.779998779296875,2583300.0,124.22108459472656,1.5,1.149993896484375,3119400.0
2017-12-14,124.62328338623048,1856100,12,14,3,0.970001220703125,0.8899993896484375,125.20833587646484,0.519989013671875,0.05999755859375,1858800.0,125.19003295898438,0.44000244140625,0.029998779296875,1517200.0,125.05294799804688,0.350006103515625,-0.3000030517578125,1934300.0,124.76043701171876,0.4499969482421875,-0.1100006103515625,1502600.0,124.11141204833984,0.8600006103515625,-0.6300048828125,1537600.0,123.6177749633789,0.4600067138671875,0.1100006103515625,2835600.0,123.69090270996094,1.100006103515625,0.779998779296875,2583300.0
2017-12-15,125.73854064941406,2293000,12,15,4,0.9600067138671875,-0.600006103515625,124.62328338623048,0.970001220703125,0.8899993896484375,1856100.0,125.20833587646484,0.519989013671875,0.05999755859375,1858800.0,125.19003295898438,0.44000244140625,0.029998779296875,1517200.0,125.05294799804688,0.350006103515625,-0.3000030517578125,1934300.0,124.76043701171876,0.4499969482421875,-0.1100006103515625,1502600.0,124.11141204833984,0.8600006103515625,-0.6300048828125,1537600.0,123.6177749633789,0.4600067138671875,0.1100006103515625,2835600.0
2017-12-18,126.60696411132812,2696300,12,18,0,0.4199981689453125,-0.2400054931640625,125.73854064941406,0.9600067138671875,-0.600006103515625,2293000.0,124.62328338623048,0.970001220703125,0.8899993896484375,1856100.0,125.20833587646484,0.519989013671875,0.05999755859375,1858800.0,125.19003295898438,0.44000244140625,0.029998779296875,1517200.0,125.05294799804688,0.350006103515625,-0.3000030517578125,1934300.0,124.76043701171876,0.4499969482421875,-0.1100006103515625,1502600.0,124.11141204833984,0.8600006103515625,-0.6300048828125,1537600.0
2017-12-19,126.09506225585938,3642100,12,19,1,0.82000732421875,0.779998779296875,126.60696411132812,0.4199981689453125,-0.2400054931640625,2696300.0,125.73854064941406,0.9600067138671875,-0.600006103515625,2293000.0,124.62328338623048,0.970001220703125,0.8899993896484375,1856100.0,125.20833587646484,0.519989013671875,0.05999755859375,1858800.0,125.19003295898438,0.44000244140625,0.029998779296875,1517200.0,125.05294799804688,0.350006103515625,-0.3000030517578125,1934300.0,124.76043701171876,0.4499969482421875,-0.1100006103515625,1502600.0
2017-12-20,126.08592987060548,2522200,12,20,2,0.8700103759765625,0.57000732421875,126.09506225585938,0.82000732421875,0.779998779296875,3642100.0,126.60696411132812,0.4199981689453125,-0.2400054931640625,2696300.0,125.73854064941406,0.9600067138671875,-0.600006103515625,2293000.0,124.62328338623048,0.970001220703125,0.8899993896484375,1856100.0,125.20833587646484,0.519989013671875,0.05999755859375,1858800.0,125.19003295898438,0.44000244140625,0.029998779296875,1517200.0,125.05294799804688,0.350006103515625,-0.3000030517578125,1934300.0
2017-12-21,126.37342834472656,2111200,12,21,3,0.5399932861328125,0.04998779296875,126.08592987060548,0.8700103759765625,0.57000732421875,2522200.0,126.09506225585938,0.82000732421875,0.779998779296875,3642100.0,126.60696411132812,0.4199981689453125,-0.2400054931640625,2696300.0,125.73854064941406,0.9600067138671875,-0.600006103515625,2293000.0,124.62328338623048,0.970001220703125,0.8899993896484375,1856100.0,125.20833587646484,0.519989013671875,0.05999755859375,1858800.0,125.19003295898438,0.44000244140625,0.029998779296875,1517200.0
2017-12-22,126.3275146484375,1926000,12,22,4,0.6699981689453125,0.1199951171875,126.37342834472656,0.5399932861328125,0.04998779296875,2111200.0,126.08592987060548,0.8700103759765625,0.57000732421875,2522200.0,126.09506225585938,0.82000732421875,0.779998779296875,3642100.0,126.60696411132812,0.4199981689453125,-0.2400054931640625,2696300.0,125.73854064941406,0.9600067138671875,-0.600006103515625,2293000.0,124.62328338623048,0.970001220703125,0.8899993896484375,1856100.0,125.20833587646484,0.519989013671875,0.05999755859375,1858800.0
2017-12-26,126.22642517089844,2051300,12,26,1,0.230010986328125,-0.07000732421875,126.3275146484375,0.6699981689453125,0.1199951171875,1926000.0,126.37342834472656,0.5399932861328125,0.04998779296875,2111200.0,126.08592987060548,0.8700103759765625,0.57000732421875,2522200.0,126.09506225585938,0.82000732421875,0.779998779296875,3642100.0,126.60696411132812,0.4199981689453125,-0.2400054931640625,2696300.0,125.73854064941406,0.9600067138671875,-0.600006103515625,2293000.0,124.62328338623048,0.970001220703125,0.8899993896484375,1856100.0
2017-12-27,126.27239990234376,2242400,12,27,2,0.3800048828125,0.1199951171875,126.22642517089844,0.230010986328125,-0.07000732421875,2051300.0,126.3275146484375,0.6699981689453125,0.1199951171875,1926000.0,126.37342834472656,0.5399932861328125,0.04998779296875,2111200.0,126.08592987060548,0.8700103759765625,0.57000732421875,2522200.0,126.09506225585938,0.82000732421875,0.779998779296875,3642100.0,126.60696411132812,0.4199981689453125,-0.2400054931640625,2696300.0,125.73854064941406,0.9600067138671875,-0.600006103515625,2293000.0
2017-12-28,126.5479736328125,2936500,12,28,3,0.3000030517578125,0.029998779296875,126.27239990234376,0.3800048828125,0.1199951171875,2242400.0,126.22642517089844,0.230010986328125,-0.07000732421875,2051300.0,126.3275146484375,0.6699981689453125,0.1199951171875,1926000.0,126.37342834472656,0.5399932861328125,0.04998779296875,2111200.0,126.08592987060548,0.8700103759765625,0.57000732421875,2522200.0,126.09506225585938,0.82000732421875,0.779998779296875,3642100.0,126.60696411132812,0.4199981689453125,-0.2400054931640625,2696300.0
2017-12-29,126.07947540283205,2256500,12,29,4,0.95001220703125,0.8300018310546875,126.5479736328125,0.3000030517578125,0.029998779296875,2936500.0,126.27239990234376,0.3800048828125,0.1199951171875,2242400.0,126.22642517089844,0.230010986328125,-0.07000732421875,2051300.0,126.3275146484375,0.6699981689453125,0.1199951171875,1926000.0,126.37342834472656,0.5399932861328125,0.04998779296875,2111200.0,126.08592987060548,0.8700103759765625,0.57000732421875,2522200.0,126.09506225585938,0.82000732421875,0.779998779296875,3642100.0
2018-01-02,126.97055053710938,3699700,1,2,1,0.7899932861328125,-0.470001220703125,126.07947540283205,0.95001220703125,0.8300018310546875,2256500.0,126.5479736328125,0.3000030517578125,0.029998779296875,2936500.0,126.27239990234376,0.3800048828125,0.1199951171875,2242400.0,126.22642517089844,0.230010986328125,-0.07000732421875,2051300.0,126.3275146484375,0.6699981689453125,0.1199951171875,1926000.0,126.37342834472656,0.5399932861328125,0.04998779296875,2111200.0,126.08592987060548,0.8700103759765625,0.57000732421875,2522200.0
2018-01-03,127.7054214477539,3052300,1,3,2,0.8000030517578125,-0.6300048828125,126.97055053710938,0.7899932861328125,-0.470001220703125,3699700.0,126.07947540283205,0.95001220703125,0.8300018310546875,2256500.0,126.5479736328125,0.3000030517578125,0.029998779296875,2936500.0,126.27239990234376,0.3800048828125,0.1199951171875,2242400.0,126.22642517089844,0.230010986328125,-0.07000732421875,2051300.0,126.3275146484375,0.6699981689453125,0.1199951171875,1926000.0,126.37342834472656,0.5399932861328125,0.04998779296875,2111200.0
2018-01-04,128.1922607421875,2572400,1,4,3,0.459991455078125,-0.1300048828125,127.7054214477539,0.8000030517578125,-0.6300048828125,3052300.0,126.97055053710938,0.7899932861328125,-0.470001220703125,3699700.0,126.07947540283205,0.95001220703125,0.8300018310546875,2256500.0,126.5479736328125,0.3000030517578125,0.029998779296875,2936500.0,126.27239990234376,0.3800048828125,0.1199951171875,2242400.0,126.22642517089844,0.230010986328125,-0.07000732421875,2051300.0,126.3275146484375,0.6699981689453125,0.1199951171875,1926000.0
2018-01-05,128.94554138183594,2188500,1,5,4,0.720001220703125,-0.3499908447265625,128.1922607421875,0.459991455078125,-0.1300048828125,2572400.0,127.7054214477539,0.8000030517578125,-0.6300048828125,3052300.0,126.97055053710938,0.7899932861328125,-0.470001220703125,3699700.0,126.07947540283205,0.95001220703125,0.8300018310546875,2256500.0,126.5479736328125,0.3000030517578125,0.029998779296875,2936500.0,126.27239990234376,0.3800048828125,0.1199951171875,2242400.0,126.22642517089844,0.230010986328125,-0.07000732421875,2051300.0
2018-01-08,129.23947143554688,2655300,1,8,0,0.6699981689453125,-0.3800048828125,128.94554138183594,0.720001220703125,-0.3499908447265625,2188500.0,128.1922607421875,0.459991455078125,-0.1300048828125,2572400.0,127.7054214477539,0.8000030517578125,-0.6300048828125,3052300.0,126.97055053710938,0.7899932861328125,-0.470001220703125,3699700.0,126.07947540283205,0.95001220703125,0.8300018310546875,2256500.0,126.5479736328125,0.3000030517578125,0.029998779296875,2936500.0,126.27239990234376,0.3800048828125,0.1199951171875,2242400.0
2018-01-09,129.47837829589844,2625200,1,9,1,0.5999908447265625,-0.029998779296875,129.23947143554688,0.6699981689453125,-0.3800048828125,2655300.0,128.94554138183594,0.720001220703125,-0.3499908447265625,2188500.0,128.1922607421875,0.459991455078125,-0.1300048828125,2572400.0,127.7054214477539,0.8000030517578125,-0.6300048828125,3052300.0,126.97055053710938,0.7899932861328125,-0.470001220703125,3699700.0,126.07947540283205,0.95001220703125,0.8300018310546875,2256500.0,126.5479736328125,0.3000030517578125,0.029998779296875,2936500.0
2018-01-10,129.27622985839844,2014900,1,10,2,0.779998779296875,-0.1599884033203125,129.47837829589844,0.5999908447265625,-0.029998779296875,2625200.0,129.23947143554688,0.6699981689453125,-0.3800048828125,2655300.0,128.94554138183594,0.720001220703125,-0.3499908447265625,2188500.0,128.1922607421875,0.459991455078125,-0.1300048828125,2572400.0,127.7054214477539,0.8000030517578125,-0.6300048828125,3052300.0,126.97055053710938,0.7899932861328125,-0.470001220703125,3699700.0,126.07947540283205,0.95001220703125,0.8300018310546875,2256500.0
2018-01-11,130.36940002441406,2188000,1,11,3,0.9499969482421875,-0.9199981689453125,129.27622985839844,0.779998779296875,-0.1599884033203125,2014900.0,129.47837829589844,0.5999908447265625,-0.029998779296875,2625200.0,129.23947143554688,0.6699981689453125,-0.3800048828125,2655300.0,128.94554138183594,0.720001220703125,-0.3499908447265625,2188500.0,128.1922607421875,0.459991455078125,-0.1300048828125,2572400.0,127.7054214477539,0.8000030517578125,-0.6300048828125,3052300.0,126.97055053710938,0.7899932861328125,-0.470001220703125,3699700.0
2018-01-12,131.1318817138672,2661800,1,12,4,0.850006103515625,-0.6699981689453125,130.36940002441406,0.9499969482421875,-0.9199981689453125,2188000.0,129.27622985839844,0.779998779296875,-0.1599884033203125,2014900.0,129.47837829589844,0.5999908447265625,-0.029998779296875,2625200.0,129.23947143554688,0.6699981689453125,-0.3800048828125,2655300.0,128.94554138183594,0.720001220703125,-0.3499908447265625,2188500.0,128.1922607421875,0.459991455078125,-0.1300048828125,2572400.0,127.7054214477539,0.8000030517578125,-0.6300048828125,3052300.0
2018-01-16,130.55307006835938,3973400,1,16,1,2.1100006103515625,1.410003662109375,131.1318817138672,0.850006103515625,-0.6699981689453125,2661800.0,130.36940002441406,0.9499969482421875,-0.9199981689453125,2188000.0,129.27622985839844,0.779998779296875,-0.1599884033203125,2014900.0,129.47837829589844,0.5999908447265625,-0.029998779296875,2625200.0,129.23947143554688,0.6699981689453125,-0.3800048828125,2655300.0,128.94554138183594,0.720001220703125,-0.3499908447265625,2188500.0,128.1922607421875,0.459991455078125,-0.1300048828125,2572400.0
2018-01-17,131.7565155029297,2756400,1,17,2,1.3899993896484375,-0.709991455078125,130.55307006835938,2.1100006103515625,1.410003662109375,3973400.0,131.1318817138672,0.850006103515625,-0.6699981689453125,2661800.0,130.36940002441406,0.9499969482421875,-0.9199981689453125,2188000.0,129.27622985839844,0.779998779296875,-0.1599884033203125,2014900.0,129.47837829589844,0.5999908447265625,-0.029998779296875,2625200.0,129.23947143554688,0.6699981689453125,-0.3800048828125,2655300.0,128.94554138183594,0.720001220703125,-0.3499908447265625,2188500.0
2018-01-18,131.52684020996094,2705800,1,18,3,0.6800079345703125,0.2400054931640625,131.7565155029297,1.3899993896484375,-0.709991455078125,2756400.0,130.55307006835938,2.1100006103515625,1.410003662109375,3973400.0,131.1318817138672,0.850006103515625,-0.6699981689453125,2661800.0,130.36940002441406,0.9499969482421875,-0.9199981689453125,2188000.0,129.27622985839844,0.779998779296875,-0.1599884033203125,2014900.0,129.47837829589844,0.5999908447265625,-0.029998779296875,2625200.0,129.23947143554688,0.6699981689453125,-0.3800048828125,2655300.0
2018-01-19,132.20660400390625,2119000,1,19,4,0.739990234375,-0.42999267578125,131.52684020996094,0.6800079345703125,0.2400054931640625,2705800.0,131.7565155029297,1.3899993896484375,-0.709991455078125,2756400.0,130.55307006835938,2.1100006103515625,1.410003662109375,3973400.0,131.1318817138672,0.850006103515625,-0.6699981689453125,2661800.0,130.36940002441406,0.9499969482421875,-0.9199981689453125,2188000.0,129.27622985839844,0.779998779296875,-0.1599884033203125,2014900.0,129.47837829589844,0.5999908447265625,-0.029998779296875,2625200.0
2018-01-22,133.2538299560547,2849900,1,22,0,1.220001220703125,-1.220001220703125,132.20660400390625,0.739990234375,-0.42999267578125,2119000.0,131.52684020996094,0.6800079345703125,0.2400054931640625,2705800.0,131.7565155029297,1.3899993896484375,-0.709991455078125,2756400.0,130.55307006835938,2.1100006103515625,1.410003662109375,3973400.0,131.1318817138672,0.850006103515625,-0.6699981689453125,2661800.0,130.36940002441406,0.9499969482421875,-0.9199981689453125,2188000.0,129.27622985839844,0.779998779296875,-0.1599884033203125,2014900.0
2018-01-23,133.58450317382812,2261300,1,23,1,0.6500091552734375,-0.3199920654296875,133.2538299560547,1.220001220703125,-1.220001220703125,2849900.0,132.20660400390625,0.739990234375,-0.42999267578125,2119000.0,131.52684020996094,0.6800079345703125,0.2400054931640625,2705800.0,131.7565155029297,1.3899993896484375,-0.709991455078125,2756400.0,130.55307006835938,2.1100006103515625,1.410003662109375,3973400.0,131.1318817138672,0.850006103515625,-0.6699981689453125,2661800.0,130.36940002441406,0.9499969482421875,-0.9199981689453125,2188000.0
2018-01-24,133.45590209960938,3409300,1,24,2,1.4799957275390625,0.57000732421875,133.58450317382812,0.6500091552734375,-0.3199920654296875,2261300.0,133.2538299560547,1.220001220703125,-1.220001220703125,2849900.0,132.20660400390625,0.739990234375,-0.42999267578125,2119000.0,131.52684020996094,0.6800079345703125,0.2400054931640625,2705800.0,131.7565155029297,1.3899993896484375,-0.709991455078125,2756400.0,130.55307006835938,2.1100006103515625,1.410003662109375,3973400.0,131.1318817138672,0.850006103515625,-0.6699981689453125,2661800.0
2018-01-25,133.5110626220703,4234600,1,25,3,0.970001220703125,0.5,133.45590209960938,1.4799957275390625,0.57000732421875,3409300.0,133.58450317382812,0.6500091552734375,-0.3199920654296875,2261300.0,133.2538299560547,1.220001220703125,-1.220001220703125,2849900.0,132.20660400390625,0.739990234375,-0.42999267578125,2119000.0,131.52684020996094,0.6800079345703125,0.2400054931640625,2705800.0,131.7565155029297,1.3899993896484375,-0.709991455078125,2756400.0,130.55307006835938,2.1100006103515625,1.410003662109375,3973400.0
2018-01-26,134.90736389160156,1995900,1,26,4,1.239990234375,-1.0399932861328125,133.5110626220703,0.970001220703125,0.5,4234600.0,133.45590209960938,1.4799957275390625,0.57000732421875,3409300.0,133.58450317382812,0.6500091552734375,-0.3199920654296875,2261300.0,133.2538299560547,1.220001220703125,-1.220001220703125,2849900.0,132.20660400390625,0.739990234375,-0.42999267578125,2119000.0,131.52684020996094,0.6800079345703125,0.2400054931640625,2705800.0,131.7565155029297,1.3899993896484375,-0.709991455078125,2756400.0
2018-01-29,134.0254669189453,2688200,1,29,0,1.0,0.6800079345703125,134.90736389160156,1.239990234375,-1.0399932861328125,1995900.0,133.5110626220703,0.970001220703125,0.5,4234600.0,133.45590209960938,1.4799957275390625,0.57000732421875,3409300.0,133.58450317382812,0.6500091552734375,-0.3199920654296875,2261300.0,133.2538299560547,1.220001220703125,-1.220001220703125,2849900.0,132.20660400390625,0.739990234375,-0.42999267578125,2119000.0,131.52684020996094,0.6800079345703125,0.2400054931640625,2705800.0
2018-01-30,132.6291961669922,4898200,1,30,1,1.0,0.3600006103515625,134.0254669189453,1.0,0.6800079345703125,2688200.0,134.90736389160156,1.239990234375,-1.0399932861328125,1995900.0,133.5110626220703,0.970001220703125,0.5,4234600.0,133.45590209960938,1.4799957275390625,0.57000732421875,3409300.0,133.58450317382812,0.6500091552734375,-0.3199920654296875,2261300.0,133.2538299560547,1.220001220703125,-1.220001220703125,2849900.0,132.20660400390625,0.739990234375,-0.42999267578125,2119000.0
2018-01-31,132.6751251220703,4670200,1,31,2,1.45001220703125,0.510009765625,132.6291961669922,1.0,0.3600006103515625,4898200.0,134.0254669189453,1.0,0.6800079345703125,2688200.0,134.90736389160156,1.239990234375,-1.0399932861328125,1995900.0,133.5110626220703,0.970001220703125,0.5,4234600.0,133.45590209960938,1.4799957275390625,0.57000732421875,3409300.0,133.58450317382812,0.6500091552734375,-0.3199920654296875,2261300.0,133.2538299560547,1.220001220703125,-1.220001220703125,2849900.0
2018-02-01,132.62002563476562,2924800,2,1,3,1.1800079345703125,-0.3899993896484375,132.6751251220703,1.45001220703125,0.510009765625,4670200.0,132.6291961669922,1.0,0.3600006103515625,4898200.0,134.0254669189453,1.0,0.6800079345703125,2688200.0,134.90736389160156,1.239990234375,-1.0399932861328125,1995900.0,133.5110626220703,0.970001220703125,0.5,4234600.0,133.45590209960938,1.4799957275390625,0.57000732421875,3409300.0,133.58450317382812,0.6500091552734375,-0.3199920654296875,2261300.0
2018-02-02,129.79986572265625,5323600,2,2,4,2.4399871826171875,2.209991455078125,132.62002563476562,1.1800079345703125,-0.3899993896484375,2924800.0,132.6751251220703,1.45001220703125,0.510009765625,4670200.0,132.6291961669922,1.0,0.3600006103515625,4898200.0,134.0254669189453,1.0,0.6800079345703125,2688200.0,134.90736389160156,1.239990234375,-1.0399932861328125,1995900.0,133.5110626220703,0.970001220703125,0.5,4234600.0,133.45590209960938,1.4799957275390625,0.57000732421875,3409300.0
2018-02-05,124.6923599243164,10357400,2,5,0,6.25,4.470001220703125,129.79986572265625,2.4399871826171875,2.209991455078125,5323600.0,132.62002563476562,1.1800079345703125,-0.3899993896484375,2924800.0,132.6751251220703,1.45001220703125,0.510009765625,4670200.0,132.6291961669922,1.0,0.3600006103515625,4898200.0,134.0254669189453,1.0,0.6800079345703125,2688200.0,134.90736389160156,1.239990234375,-1.0399932861328125,1995900.0,133.5110626220703,0.970001220703125,0.5,4234600.0
2018-02-06,126.73170471191406,10791200,2,6,1,5.7400054931640625,-4.70001220703125,124.6923599243164,6.25,4.470001220703125,10357400.0,129.79986572265625,2.4399871826171875,2.209991455078125,5323600.0,132.62002563476562,1.1800079345703125,-0.3899993896484375,2924800.0,132.6751251220703,1.45001220703125,0.510009765625,4670200.0,132.6291961669922,1.0,0.3600006103515625,4898200.0,134.0254669189453,1.0,0.6800079345703125,2688200.0,134.90736389160156,1.239990234375,-1.0399932861328125,1995900.0
2018-02-07,126.1713409423828,6176300,2,7,2,2.209991455078125,0.4799957275390625,126.73170471191406,5.7400054931640625,-4.70001220703125,10791200.0,124.6923599243164,6.25,4.470001220703125,10357400.0,129.79986572265625,2.4399871826171875,2.209991455078125,5323600.0,132.62002563476562,1.1800079345703125,-0.3899993896484375,2924800.0,132.6751251220703,1.45001220703125,0.510009765625,4670200.0,132.6291961669922,1.0,0.3600006103515625,4898200.0,134.0254669189453,1.0,0.6800079345703125,2688200.0
2018-02-08,121.63340759277344,7683300,2,8,3,5.4499969482421875,5.1199951171875,126.1713409423828,2.209991455078125,0.4799957275390625,6176300.0,126.73170471191406,5.7400054931640625,-4.70001220703125,10791200.0,124.6923599243164,6.25,4.470001220703125,10357400.0,129.79986572265625,2.4399871826171875,2.209991455078125,5323600.0,132.62002563476562,1.1800079345703125,-0.3899993896484375,2924800.0,132.6751251220703,1.45001220703125,0.510009765625,4670200.0,132.6291961669922,1.0,0.3600006103515625,4898200.0
2018-02-09,123.3052749633789,9474000,2,9,4,5.3700103759765625,-0.3300018310546875,121.63340759277344,5.4499969482421875,5.1199951171875,7683300.0,126.1713409423828,2.209991455078125,0.4799957275390625,6176300.0,126.73170471191406,5.7400054931640625,-4.70001220703125,10791200.0,124.6923599243164,6.25,4.470001220703125,10357400.0,129.79986572265625,2.4399871826171875,2.209991455078125,5323600.0,132.62002563476562,1.1800079345703125,-0.3899993896484375,2924800.0,132.6751251220703,1.45001220703125,0.510009765625,4670200.0
2018-02-12,124.9495849609375,4251900,2,12,0,2.6200103759765625,-0.6699981689453125,123.3052749633789,5.3700103759765625,-0.3300018310546875,9474000.0,121.63340759277344,5.4499969482421875,5.1199951171875,7683300.0,126.1713409423828,2.209991455078125,0.4799957275390625,6176300.0,126.73170471191406,5.7400054931640625,-4.70001220703125,10791200.0,124.6923599243164,6.25,4.470001220703125,10357400.0,129.79986572265625,2.4399871826171875,2.209991455078125,5323600.0,132.62002563476562,1.1800079345703125,-0.3899993896484375,2924800.0
2018-02-13,125.34459686279295,2973000,2,13,1,1.69000244140625,-1.1100006103515625,124.9495849609375,2.6200103759765625,-0.6699981689453125,4251900.0,123.3052749633789,5.3700103759765625,-0.3300018310546875,9474000.0,121.63340759277344,5.4499969482421875,5.1199951171875,7683300.0,126.1713409423828,2.209991455078125,0.4799957275390625,6176300.0,126.73170471191406,5.7400054931640625,-4.70001220703125,10791200.0,124.6923599243164,6.25,4.470001220703125,10357400.0,129.79986572265625,2.4399871826171875,2.209991455078125,5323600.0
2018-02-14,127.09911346435548,3076800,2,14,2,2.9799957275390625,-2.7400054931640625,125.34459686279295,1.69000244140625,-1.1100006103515625,2973000.0,124.9495849609375,2.6200103759765625,-0.6699981689453125,4251900.0,123.3052749633789,5.3700103759765625,-0.3300018310546875,9474000.0,121.63340759277344,5.4499969482421875,5.1199951171875,7683300.0,126.1713409423828,2.209991455078125,0.4799957275390625,6176300.0,126.73170471191406,5.7400054931640625,-4.70001220703125,10791200.0,124.6923599243164,6.25,4.470001220703125,10357400.0
2018-02-15,128.651611328125,2853000,2,15,3,2.100006103515625,-0.720001220703125,127.09911346435548,2.9799957275390625,-2.7400054931640625,3076800.0,125.34459686279295,1.69000244140625,-1.1100006103515625,2973000.0,124.9495849609375,2.6200103759765625,-0.6699981689453125,4251900.0,123.3052749633789,5.3700103759765625,-0.3300018310546875,9474000.0,121.63340759277344,5.4499969482421875,5.1199951171875,7683300.0,126.1713409423828,2.209991455078125,0.4799957275390625,6176300.0,126.73170471191406,5.7400054931640625,-4.70001220703125,10791200.0
2018-02-16,128.70669555664062,2813100,2,16,4,1.55999755859375,-0.4300079345703125,128.651611328125,2.100006103515625,-0.720001220703125,2853000.0,127.09911346435548,2.9799957275390625,-2.7400054931640625,3076800.0,125.34459686279295,1.69000244140625,-1.1100006103515625,2973000.0,124.9495849609375,2.6200103759765625,-0.6699981689453125,4251900.0,123.3052749633789,5.3700103759765625,-0.3300018310546875,9474000.0,121.63340759277344,5.4499969482421875,5.1199951171875,7683300.0,126.1713409423828,2.209991455078125,0.4799957275390625,6176300.0
2018-02-20,127.9350357055664,2490000,2,20,1,1.6199951171875,0.2899932861328125,128.70669555664062,1.55999755859375,-0.4300079345703125,2813100.0,128.651611328125,2.100006103515625,-0.720001220703125,2853000.0,127.09911346435548,2.9799957275390625,-2.7400054931640625,3076800.0,125.34459686279295,1.69000244140625,-1.1100006103515625,2973000.0,124.9495849609375,2.6200103759765625,-0.6699981689453125,4251900.0,123.3052749633789,5.3700103759765625,-0.3300018310546875,9474000.0,121.63340759277344,5.4499969482421875,5.1199951171875,7683300.0
2018-02-21,127.33800506591795,2182200,2,21,2,2.350006103515625,0.8300018310546875,127.9350357055664,1.6199951171875,0.2899932861328125,2490000.0,128.70669555664062,1.55999755859375,-0.4300079345703125,2813100.0,128.651611328125,2.100006103515625,-0.720001220703125,2853000.0,127.09911346435548,2.9799957275390625,-2.7400054931640625,3076800.0,125.34459686279295,1.69000244140625,-1.1100006103515625,2973000.0,124.9495849609375,2.6200103759765625,-0.6699981689453125,4251900.0,123.3052749633789,5.3700103759765625,-0.3300018310546875,9474000.0
2018-02-22,127.42063903808594,2111700,2,22,3,1.709991455078125,0.4799957275390625,127.33800506591795,2.350006103515625,0.8300018310546875,2182200.0,127.9350357055664,1.6199951171875,0.2899932861328125,2490000.0,128.70669555664062,1.55999755859375,-0.4300079345703125,2813100.0,128.651611328125,2.100006103515625,-0.720001220703125,2853000.0,127.09911346435548,2.9799957275390625,-2.7400054931640625,3076800.0,125.34459686279295,1.69000244140625,-1.1100006103515625,2973000.0,124.9495849609375,2.6200103759765625,-0.6699981689453125,4251900.0
2018-02-23,129.39569091796875,1439500,2,23,4,1.720001220703125,-1.410003662109375,127.42063903808594,1.709991455078125,0.4799957275390625,2111700.0,127.33800506591795,2.350006103515625,0.8300018310546875,2182200.0,127.9350357055664,1.6199951171875,0.2899932861328125,2490000.0,128.70669555664062,1.55999755859375,-0.4300079345703125,2813100.0,128.651611328125,2.100006103515625,-0.720001220703125,2853000.0,127.09911346435548,2.9799957275390625,-2.7400054931640625,3076800.0,125.34459686279295,1.69000244140625,-1.1100006103515625,2973000.0
2018-02-26,130.75521850585938,1765700,2,26,0,1.3700103759765625,-0.839996337890625,129.39569091796875,1.720001220703125,-1.410003662109375,1439500.0,127.42063903808594,1.709991455078125,0.4799957275390625,2111700.0,127.33800506591795,2.350006103515625,0.8300018310546875,2182200.0,127.9350357055664,1.6199951171875,0.2899932861328125,2490000.0,128.70669555664062,1.55999755859375,-0.4300079345703125,2813100.0,128.651611328125,2.100006103515625,-0.720001220703125,2853000.0,127.09911346435548,2.9799957275390625,-2.7400054931640625,3076800.0
2018-02-27,129.1108856201172,2305100,2,27,1,2.30999755859375,1.8600006103515625,130.75521850585938,1.3700103759765625,-0.839996337890625,1765700.0,129.39569091796875,1.720001220703125,-1.410003662109375,1439500.0,127.42063903808594,1.709991455078125,0.4799957275390625,2111700.0,127.33800506591795,2.350006103515625,0.8300018310546875,2182200.0,127.9350357055664,1.6199951171875,0.2899932861328125,2490000.0,128.70669555664062,1.55999755859375,-0.4300079345703125,2813100.0,128.651611328125,2.100006103515625,-0.720001220703125,2853000.0
2018-02-28,127.68704986572266,2290500,2,28,2,2.42999267578125,2.17999267578125,129.1108856201172,2.30999755859375,1.8600006103515625,2305100.0,130.75521850585938,1.3700103759765625,-0.839996337890625,1765700.0,129.39569091796875,1.720001220703125,-1.410003662109375,1439500.0,127.42063903808594,1.709991455078125,0.4799957275390625,2111700.0,127.33800506591795,2.350006103515625,0.8300018310546875,2182200.0,127.9350357055664,1.6199951171875,0.2899932861328125,2490000.0,128.70669555664062,1.55999755859375,-0.4300079345703125,2813100.0
2018-03-01,126.1713409423828,4846700,3,1,3,3.480010986328125,1.720001220703125,127.68704986572266,2.42999267578125,2.17999267578125,2290500.0,129.1108856201172,2.30999755859375,1.8600006103515625,2305100.0,130.75521850585938,1.3700103759765625,-0.839996337890625,1765700.0,129.39569091796875,1.720001220703125,-1.410003662109375,1439500.0,127.42063903808594,1.709991455078125,0.4799957275390625,2111700.0,127.33800506591795,2.350006103515625,0.8300018310546875,2182200.0,127.9350357055664,1.6199951171875,0.2899932861328125,2490000.0
2018-03-02,126.98892211914062,3021300,3,2,4,2.67999267578125,-1.9600067138671875,126.1713409423828,3.480010986328125,1.720001220703125,4846700.0,127.68704986572266,2.42999267578125,2.17999267578125,2290500.0,129.1108856201172,2.30999755859375,1.8600006103515625,2305100.0,130.75521850585938,1.3700103759765625,-0.839996337890625,1765700.0,129.39569091796875,1.720001220703125,-1.410003662109375,1439500.0,127.42063903808594,1.709991455078125,0.4799957275390625,2111700.0,127.33800506591795,2.350006103515625,0.8300018310546875,2182200.0
2018-03-05,128.42196655273438,2916600,3,5,0,2.649993896484375,-2.25,126.98892211914062,2.67999267578125,-1.9600067138671875,3021300.0,126.1713409423828,3.480010986328125,1.720001220703125,4846700.0,127.68704986572266,2.42999267578125,2.17999267578125,2290500.0,129.1108856201172,2.30999755859375,1.8600006103515625,2305100.0,130.75521850585938,1.3700103759765625,-0.839996337890625,1765700.0,129.39569091796875,1.720001220703125,-1.410003662109375,1439500.0,127.42063903808594,1.709991455078125,0.4799957275390625,2111700.0
2018-03-06,128.8904266357422,2788000,3,6,1,1.2899932861328125,0.0500030517578125,128.42196655273438,2.649993896484375,-2.25,2916600.0,126.98892211914062,2.67999267578125,-1.9600067138671875,3021300.0,126.1713409423828,3.480010986328125,1.720001220703125,4846700.0,127.68704986572266,2.42999267578125,2.17999267578125,2290500.0,129.1108856201172,2.30999755859375,1.8600006103515625,2305100.0,130.75521850585938,1.3700103759765625,-0.839996337890625,1765700.0,129.39569091796875,1.720001220703125,-1.410003662109375,1439500.0
2018-03-07,129.0006866455078,2569100,3,7,2,1.6399993896484375,-1.3799896240234375,128.8904266357422,1.2899932861328125,0.0500030517578125,2788000.0,128.42196655273438,2.649993896484375,-2.25,2916600.0,126.98892211914062,2.67999267578125,-1.9600067138671875,3021300.0,126.1713409423828,3.480010986328125,1.720001220703125,4846700.0,127.68704986572266,2.42999267578125,2.17999267578125,2290500.0,129.1108856201172,2.30999755859375,1.8600006103515625,2305100.0,130.75521850585938,1.3700103759765625,-0.839996337890625,1765700.0
2018-03-08,129.48757934570312,2307500,3,8,3,0.9199981689453125,-0.1300048828125,129.0006866455078,1.6399993896484375,-1.3799896240234375,2569100.0,128.8904266357422,1.2899932861328125,0.0500030517578125,2788000.0,128.42196655273438,2.649993896484375,-2.25,2916600.0,126.98892211914062,2.67999267578125,-1.9600067138671875,3021300.0,126.1713409423828,3.480010986328125,1.720001220703125,4846700.0,127.68704986572266,2.42999267578125,2.17999267578125,2290500.0,129.1108856201172,2.30999755859375,1.8600006103515625,2305100.0
2018-03-09,131.6370849609375,2325100,3,9,4,1.75,-1.510009765625,129.48757934570312,0.9199981689453125,-0.1300048828125,2307500.0,129.0006866455078,1.6399993896484375,-1.3799896240234375,2569100.0,128.8904266357422,1.2899932861328125,0.0500030517578125,2788000.0,128.42196655273438,2.649993896484375,-2.25,2916600.0,126.98892211914062,2.67999267578125,-1.9600067138671875,3021300.0,126.1713409423828,3.480010986328125,1.720001220703125,4846700.0,127.68704986572266,2.42999267578125,2.17999267578125,2290500.0
2018-03-12,131.56356811523438,1999200,3,12,0,0.8899993896484375,0.2700042724609375,131.6370849609375,1.75,-1.510009765625,2325100.0,129.48757934570312,0.9199981689453125,-0.1300048828125,2307500.0,129.0006866455078,1.6399993896484375,-1.3799896240234375,2569100.0,128.8904266357422,1.2899932861328125,0.0500030517578125,2788000.0,128.42196655273438,2.649993896484375,-2.25,2916600.0,126.98892211914062,2.67999267578125,-1.9600067138671875,3021300.0,126.1713409423828,3.480010986328125,1.720001220703125,4846700.0
2018-03-13,130.7460174560547,2080500,3,13,1,2.1300048828125,1.529998779296875,131.56356811523438,0.8899993896484375,0.2700042724609375,1999200.0,131.6370849609375,1.75,-1.510009765625,2325100.0,129.48757934570312,0.9199981689453125,-0.1300048828125,2307500.0,129.0006866455078,1.6399993896484375,-1.3799896240234375,2569100.0,128.8904266357422,1.2899932861328125,0.0500030517578125,2788000.0,128.42196655273438,2.649993896484375,-2.25,2916600.0,126.98892211914062,2.67999267578125,-1.9600067138671875,3021300.0
2018-03-14,130.08460998535156,2103100,3,14,2,1.6399993896484375,1.2899932861328125,130.7460174560547,2.1300048828125,1.529998779296875,2080500.0,131.56356811523438,0.8899993896484375,0.2700042724609375,1999200.0,131.6370849609375,1.75,-1.510009765625,2325100.0,129.48757934570312,0.9199981689453125,-0.1300048828125,2307500.0,129.0006866455078,1.6399993896484375,-1.3799896240234375,2569100.0,128.8904266357422,1.2899932861328125,0.0500030517578125,2788000.0,128.42196655273438,2.649993896484375,-2.25,2916600.0
2018-03-15,129.9100799560547,1927900,3,15,3,1.1100006103515625,0.540008544921875,130.08460998535156,1.6399993896484375,1.2899932861328125,2103100.0,130.7460174560547,2.1300048828125,1.529998779296875,2080500.0,131.56356811523438,0.8899993896484375,0.2700042724609375,1999200.0,131.6370849609375,1.75,-1.510009765625,2325100.0,129.48757934570312,0.9199981689453125,-0.1300048828125,2307500.0,129.0006866455078,1.6399993896484375,-1.3799896240234375,2569100.0,128.8904266357422,1.2899932861328125,0.0500030517578125,2788000.0
2018-03-16,130.13055419921875,2641400,3,16,4,0.6100006103515625,-0.0800018310546875,129.9100799560547,1.1100006103515625,0.540008544921875,1927900.0,130.08460998535156,1.6399993896484375,1.2899932861328125,2103100.0,130.7460174560547,2.1300048828125,1.529998779296875,2080500.0,131.56356811523438,0.8899993896484375,0.2700042724609375,1999200.0,131.6370849609375,1.75,-1.510009765625,2325100.0,129.48757934570312,0.9199981689453125,-0.1300048828125,2307500.0,129.0006866455078,1.6399993896484375,-1.3799896240234375,2569100.0
2018-03-19,128.45867919921875,3154300,3,19,0,2.5399932861328125,1.32000732421875,130.13055419921875,0.6100006103515625,-0.0800018310546875,2641400.0,129.9100799560547,1.1100006103515625,0.540008544921875,1927900.0,130.08460998535156,1.6399993896484375,1.2899932861328125,2103100.0,130.7460174560547,2.1300048828125,1.529998779296875,2080500.0,131.56356811523438,0.8899993896484375,0.2700042724609375,1999200.0,131.6370849609375,1.75,-1.510009765625,2325100.0,129.48757934570312,0.9199981689453125,-0.1300048828125,2307500.0
2018-03-20,128.651611328125,1672000,3,20,1,0.7599945068359375,-0.0500030517578125,128.45867919921875,2.5399932861328125,1.32000732421875,3154300.0,130.13055419921875,0.6100006103515625,-0.0800018310546875,2641400.0,129.9100799560547,1.1100006103515625,0.540008544921875,1927900.0,130.08460998535156,1.6399993896484375,1.2899932861328125,2103100.0,130.7460174560547,2.1300048828125,1.529998779296875,2080500.0,131.56356811523438,0.8899993896484375,0.2700042724609375,1999200.0,131.6370849609375,1.75,-1.510009765625,2325100.0
2018-03-21,128.54135131835938,2106700,3,21,2,1.4600067138671875,0.1200103759765625,128.651611328125,0.7599945068359375,-0.0500030517578125,1672000.0,128.45867919921875,2.5399932861328125,1.32000732421875,3154300.0,130.13055419921875,0.6100006103515625,-0.0800018310546875,2641400.0,129.9100799560547,1.1100006103515625,0.540008544921875,1927900.0,130.08460998535156,1.6399993896484375,1.2899932861328125,2103100.0,130.7460174560547,2.1300048828125,1.529998779296875,2080500.0,131.56356811523438,0.8899993896484375,0.2700042724609375,1999200.0
2018-03-22,125.39248657226562,3130600,3,22,3,2.7599945068359375,2.1999969482421875,128.54135131835938,1.4600067138671875,0.1200103759765625,2106700.0,128.651611328125,0.7599945068359375,-0.0500030517578125,1672000.0,128.45867919921875,2.5399932861328125,1.32000732421875,3154300.0,130.13055419921875,0.6100006103515625,-0.0800018310546875,2641400.0,129.9100799560547,1.1100006103515625,0.540008544921875,1927900.0,130.08460998535156,1.6399993896484375,1.2899932861328125,2103100.0,130.7460174560547,2.1300048828125,1.529998779296875,2080500.0
2018-03-23,122.76383209228516,5697000,3,23,4,3.410003662109375,3.029998779296875,125.39248657226562,2.7599945068359375,2.1999969482421875,3130600.0,128.54135131835938,1.4600067138671875,0.1200103759765625,2106700.0,128.651611328125,0.7599945068359375,-0.0500030517578125,1672000.0,128.45867919921875,2.5399932861328125,1.32000732421875,3154300.0,130.13055419921875,0.6100006103515625,-0.0800018310546875,2641400.0,129.9100799560547,1.1100006103515625,0.540008544921875,1927900.0,130.08460998535156,1.6399993896484375,1.2899932861328125,2103100.0
2018-03-26,126.00123596191406,3859500,3,26,0,2.970001220703125,-1.5200042724609375,122.76383209228516,3.410003662109375,3.029998779296875,5697000.0,125.39248657226562,2.7599945068359375,2.1999969482421875,3130600.0,128.54135131835938,1.4600067138671875,0.1200103759765625,2106700.0,128.651611328125,0.7599945068359375,-0.0500030517578125,1672000.0,128.45867919921875,2.5399932861328125,1.32000732421875,3154300.0,130.13055419921875,0.6100006103515625,-0.0800018310546875,2641400.0,129.9100799560547,1.1100006103515625,0.540008544921875,1927900.0
2018-03-27,123.76915740966795,3309900,3,27,1,3.8800048828125,2.989990234375,126.00123596191406,2.970001220703125,-1.5200042724609375,3859500.0,122.76383209228516,3.410003662109375,3.029998779296875,5697000.0,125.39248657226562,2.7599945068359375,2.1999969482421875,3130600.0,128.54135131835938,1.4600067138671875,0.1200103759765625,2106700.0,128.651611328125,0.7599945068359375,-0.0500030517578125,1672000.0,128.45867919921875,2.5399932861328125,1.32000732421875,3154300.0,130.13055419921875,0.6100006103515625,-0.0800018310546875,2641400.0
2018-03-28,123.48323059082033,4740000,3,28,2,1.9600067138671875,0.4799957275390625,123.76915740966795,3.8800048828125,2.989990234375,3309900.0,126.00123596191406,2.970001220703125,-1.5200042724609375,3859500.0,122.76383209228516,3.410003662109375,3.029998779296875,5697000.0,125.39248657226562,2.7599945068359375,2.1999969482421875,3130600.0,128.54135131835938,1.4600067138671875,0.1200103759765625,2106700.0,128.651611328125,0.7599945068359375,-0.0500030517578125,1672000.0,128.45867919921875,2.5399932861328125,1.32000732421875,3154300.0
2018-03-29,125.18035888671876,2346400,3,29,3,2.42999267578125,-1.2299957275390625,123.48323059082033,1.9600067138671875,0.4799957275390625,4740000.0,123.76915740966795,3.8800048828125,2.989990234375,3309900.0,126.00123596191406,2.970001220703125,-1.5200042724609375,3859500.0,122.76383209228516,3.410003662109375,3.029998779296875,5697000.0,125.39248657226562,2.7599945068359375,2.1999969482421875,3130600.0,128.54135131835938,1.4600067138671875,0.1200103759765625,2106700.0,128.651611328125,0.7599945068359375,-0.0500030517578125,1672000.0
2018-04-02,122.33033752441406,5703700,4,2,0,4.3100128173828125,2.6599884033203125,125.18035888671876,2.42999267578125,-1.2299957275390625,2346400.0,123.48323059082033,1.9600067138671875,0.4799957275390625,4740000.0,123.76915740966795,3.8800048828125,2.989990234375,3309900.0,126.00123596191406,2.970001220703125,-1.5200042724609375,3859500.0,122.76383209228516,3.410003662109375,3.029998779296875,5697000.0,125.39248657226562,2.7599945068359375,2.1999969482421875,3130600.0,128.54135131835938,1.4600067138671875,0.1200103759765625,2106700.0
2018-04-03,123.8521499633789,3737200,4,3,1,2.1899871826171875,-0.92999267578125,122.33033752441406,4.3100128173828125,2.6599884033203125,5703700.0,125.18035888671876,2.42999267578125,-1.2299957275390625,2346400.0,123.48323059082033,1.9600067138671875,0.4799957275390625,4740000.0,123.76915740966795,3.8800048828125,2.989990234375,3309900.0,126.00123596191406,2.970001220703125,-1.5200042724609375,3859500.0,122.76383209228516,3.410003662109375,3.029998779296875,5697000.0,125.39248657226562,2.7599945068359375,2.1999969482421875,3130600.0
2018-04-04,125.24491119384766,2928000,4,4,2,4.0,-3.5999908447265625,123.8521499633789,2.1899871826171875,-0.92999267578125,3737200.0,122.33033752441406,4.3100128173828125,2.6599884033203125,5703700.0,125.18035888671876,2.42999267578125,-1.2299957275390625,2346400.0,123.48323059082033,1.9600067138671875,0.4799957275390625,4740000.0,123.76915740966795,3.8800048828125,2.989990234375,3309900.0,126.00123596191406,2.970001220703125,-1.5200042724609375,3859500.0,122.76383209228516,3.410003662109375,3.029998779296875,5697000.0
2018-04-05,126.12116241455078,2683600,4,5,3,1.1199951171875,-0.0900115966796875,125.24491119384766,4.0,-3.5999908447265625,2928000.0,123.8521499633789,2.1899871826171875,-0.92999267578125,3737200.0,122.33033752441406,4.3100128173828125,2.6599884033203125,5703700.0,125.18035888671876,2.42999267578125,-1.2299957275390625,2346400.0,123.48323059082033,1.9600067138671875,0.4799957275390625,4740000.0,123.76915740966795,3.8800048828125,2.989990234375,3309900.0,126.00123596191406,2.970001220703125,-1.5200042724609375,3859500.0
2018-04-06,123.47401428222656,4942600,4,6,4,3.6199951171875,1.8600006103515625,126.12116241455078,1.1199951171875,-0.0900115966796875,2683600.0,125.24491119384766,4.0,-3.5999908447265625,2928000.0,123.8521499633789,2.1899871826171875,-0.92999267578125,3737200.0,122.33033752441406,4.3100128173828125,2.6599884033203125,5703700.0,125.18035888671876,2.42999267578125,-1.2299957275390625,2346400.0,123.48323059082033,1.9600067138671875,0.4799957275390625,4740000.0,123.76915740966795,3.8800048828125,2.989990234375,3309900.0
2018-04-09,123.88904571533205,2239400,4,9,0,2.1399993896484375,0.399993896484375,123.47401428222656,3.6199951171875,1.8600006103515625,4942600.0,126.12116241455078,1.1199951171875,-0.0900115966796875,2683600.0,125.24491119384766,4.0,-3.5999908447265625,2928000.0,123.8521499633789,2.1899871826171875,-0.92999267578125,3737200.0,122.33033752441406,4.3100128173828125,2.6599884033203125,5703700.0,125.18035888671876,2.42999267578125,-1.2299957275390625,2346400.0,123.48323059082033,1.9600067138671875,0.4799957275390625,4740000.0
2018-04-10,125.89976501464844,2153900,4,10,1,1.5099945068359375,-0.5,123.88904571533205,2.1399993896484375,0.399993896484375,2239400.0,123.47401428222656,3.6199951171875,1.8600006103515625,4942600.0,126.12116241455078,1.1199951171875,-0.0900115966796875,2683600.0,125.24491119384766,4.0,-3.5999908447265625,2928000.0,123.8521499633789,2.1899871826171875,-0.92999267578125,3737200.0,122.33033752441406,4.3100128173828125,2.6599884033203125,5703700.0,125.18035888671876,2.42999267578125,-1.2299957275390625,2346400.0
2018-04-11,125.31868743896484,2063800,4,11,2,1.4300079345703125,-0.1999969482421875,125.89976501464844,1.5099945068359375,-0.5,2153900.0,123.88904571533205,2.1399993896484375,0.399993896484375,2239400.0,123.47401428222656,3.6199951171875,1.8600006103515625,4942600.0,126.12116241455078,1.1199951171875,-0.0900115966796875,2683600.0,125.24491119384766,4.0,-3.5999908447265625,2928000.0,123.8521499633789,2.1899871826171875,-0.92999267578125,3737200.0,122.33033752441406,4.3100128173828125,2.6599884033203125,5703700.0
2018-04-12,126.33326721191406,1858700,4,12,3,1.0200042724609375,-0.2400054931640625,125.31868743896484,1.4300079345703125,-0.1999969482421875,2063800.0,125.89976501464844,1.5099945068359375,-0.5,2153900.0,123.88904571533205,2.1399993896484375,0.399993896484375,2239400.0,123.47401428222656,3.6199951171875,1.8600006103515625,4942600.0,126.12116241455078,1.1199951171875,-0.0900115966796875,2683600.0,125.24491119384766,4.0,-3.5999908447265625,2928000.0,123.8521499633789,2.1899871826171875,-0.92999267578125,3737200.0
2018-04-13,125.9735870361328,2192600,4,13,4,1.7400054931640625,1.1399993896484375,126.33326721191406,1.0200042724609375,-0.2400054931640625,1858700.0,125.31868743896484,1.4300079345703125,-0.1999969482421875,2063800.0,125.89976501464844,1.5099945068359375,-0.5,2153900.0,123.88904571533205,2.1399993896484375,0.399993896484375,2239400.0,123.47401428222656,3.6199951171875,1.8600006103515625,4942600.0,126.12116241455078,1.1199951171875,-0.0900115966796875,2683600.0,125.24491119384766,4.0,-3.5999908447265625,2928000.0
2018-04-16,127.02501678466795,2892600,4,16,0,1.17999267578125,-0.1800079345703125,125.9735870361328,1.7400054931640625,1.1399993896484375,2192600.0,126.33326721191406,1.0200042724609375,-0.2400054931640625,1858700.0,125.31868743896484,1.4300079345703125,-0.1999969482421875,2063800.0,125.89976501464844,1.5099945068359375,-0.5,2153900.0,123.88904571533205,2.1399993896484375,0.399993896484375,2239400.0,123.47401428222656,3.6199951171875,1.8600006103515625,4942600.0,126.12116241455078,1.1199951171875,-0.0900115966796875,2683600.0
2018-04-17,128.36245727539062,2219900,4,17,1,1.100006103515625,-0.44000244140625,127.02501678466795,1.17999267578125,-0.1800079345703125,2892600.0,125.9735870361328,1.7400054931640625,1.1399993896484375,2192600.0,126.33326721191406,1.0200042724609375,-0.2400054931640625,1858700.0,125.31868743896484,1.4300079345703125,-0.1999969482421875,2063800.0,125.89976501464844,1.5099945068359375,-0.5,2153900.0,123.88904571533205,2.1399993896484375,0.399993896484375,2239400.0,123.47401428222656,3.6199951171875,1.8600006103515625,4942600.0
2018-04-18,128.53765869140625,1554400,4,18,2,0.760009765625,0.17999267578125,128.36245727539062,1.100006103515625,-0.44000244140625,2219900.0,127.02501678466795,1.17999267578125,-0.1800079345703125,2892600.0,125.9735870361328,1.7400054931640625,1.1399993896484375,2192600.0,126.33326721191406,1.0200042724609375,-0.2400054931640625,1858700.0,125.31868743896484,1.4300079345703125,-0.1999969482421875,2063800.0,125.89976501464844,1.5099945068359375,-0.5,2153900.0,123.88904571533205,2.1399993896484375,0.399993896484375,2239400.0
2018-04-19,127.8366928100586,4003900,4,19,3,1.1599884033203125,0.3799896240234375,128.53765869140625,0.760009765625,0.17999267578125,1554400.0,128.36245727539062,1.100006103515625,-0.44000244140625,2219900.0,127.02501678466795,1.17999267578125,-0.1800079345703125,2892600.0,125.9735870361328,1.7400054931640625,1.1399993896484375,2192600.0,126.33326721191406,1.0200042724609375,-0.2400054931640625,1858700.0,125.31868743896484,1.4300079345703125,-0.1999969482421875,2063800.0,125.89976501464844,1.5099945068359375,-0.5,2153900.0
2018-04-20,126.82209014892578,1669600,4,20,4,1.6399993896484375,1.05999755859375,127.8366928100586,1.1599884033203125,0.3799896240234375,4003900.0,128.53765869140625,0.760009765625,0.17999267578125,1554400.0,128.36245727539062,1.100006103515625,-0.44000244140625,2219900.0,127.02501678466795,1.17999267578125,-0.1800079345703125,2892600.0,125.9735870361328,1.7400054931640625,1.1399993896484375,2192600.0,126.33326721191406,1.0200042724609375,-0.2400054931640625,1858700.0,125.31868743896484,1.4300079345703125,-0.1999969482421875,2063800.0
2018-04-23,126.7760009765625,2033700,4,23,0,1.350006103515625,0.3300018310546875,126.82209014892578,1.6399993896484375,1.05999755859375,1669600.0,127.8366928100586,1.1599884033203125,0.3799896240234375,4003900.0,128.53765869140625,0.760009765625,0.17999267578125,1554400.0,128.36245727539062,1.100006103515625,-0.44000244140625,2219900.0,127.02501678466795,1.17999267578125,-0.1800079345703125,2892600.0,125.9735870361328,1.7400054931640625,1.1399993896484375,2192600.0,126.33326721191406,1.0200042724609375,-0.2400054931640625,1858700.0
2018-04-24,125.25415802001952,3053500,4,24,1,3.3300018310546875,2.3000030517578125,126.7760009765625,1.350006103515625,0.3300018310546875,2033700.0,126.82209014892578,1.6399993896484375,1.05999755859375,1669600.0,127.8366928100586,1.1599884033203125,0.3799896240234375,4003900.0,128.53765869140625,0.760009765625,0.17999267578125,1554400.0,128.36245727539062,1.100006103515625,-0.44000244140625,2219900.0,127.02501678466795,1.17999267578125,-0.1800079345703125,2892600.0,125.9735870361328,1.7400054931640625,1.1399993896484375,2192600.0
