Date,Open,High,Low,Close,AdjClose,Volume
2015-11-25,107.51000213623047,107.66000366210938,107.25,107.47000122070312,94.46078491210938,1820300
2015-11-27,107.58999633789062,107.76000213623047,107.22000122070312,107.62999725341797,94.60139465332031,552400
2015-11-30,107.77999877929688,107.8499984741211,107.11000061035156,107.16999816894531,94.19706726074219,3618100
2015-12-01,107.58999633789062,108.20999908447266,107.37000274658203,108.18000030517578,95.08484649658203,2443600
2015-12-02,108.0999984741211,108.2699966430664,106.87999725341797,107.05000305175781,94.09162139892578,2937200
2015-12-03,107.29000091552734,107.4800033569336,105.05999755859375,105.44999694824219,92.68529510498047,3345600
2015-12-04,105.80999755859375,107.54000091552734,105.62000274658203,107.38999938964844,94.39044189453125,4520000
2015-12-07,107.2300033569336,107.2699966430664,106.05999755859375,106.55000305175781,93.65211486816406,3000500
2015-12-08,105.94000244140625,106.4000015258789,105.2699966430664,105.91000366210938,93.0896224975586,3149600
2015-12-09,105.55000305175781,106.75,104.4800033569336,105.0,92.28976440429688,4179800
2015-12-10,105.18000030517578,106.05999755859375,104.91999816894531,105.30999755859375,92.56226348876953,3684900
2015-12-11,104.16999816894531,104.43000030517578,103.06999969482422,103.23999786376953,90.74281311035156,5100700
2015-12-14,103.36000061035156,103.72000122070312,102.18000030517578,103.61000061035156,91.06805419921875,7237800
2015-12-15,104.44000244140625,105.19000244140625,104.36000061035156,104.72000122070312,92.04365539550781,2918000
2015-12-16,105.45999908447266,106.41999816894531,104.69999694824219,106.23999786376953,93.3796615600586,5972400
2015-12-17,106.44000244140625,106.47000122070312,104.68000030517578,104.68000030517578,92.00848388671875,4939900
2015-12-18,104.16999816894531,104.36000061035156,102.9000015258789,102.9000015258789,90.44397735595703,4207700
2015-12-21,103.19000244140625,103.27999877929688,102.37000274658203,103.12999725341797,91.16264343261719,3240700
2015-12-22,103.6500015258789,104.26000213623047,103.04000091552734,104.05999755859375,91.98472595214844,2876600
2015-12-23,104.62999725341797,105.4000015258789,104.51000213623047,105.36000061035156,93.13385772705078,3342300
2015-12-24,105.22000122070312,105.5999984741211,105.08000183105469,105.2300033569336,93.01895141601562,1460500
2015-12-28,104.87999725341797,105.0,104.31999969482422,105.0,92.81563568115234,3479600
2015-12-29,105.69000244140625,106.23999786376953,105.54000091552734,106.12000274658203,93.80569458007812,2508300
2015-12-30,105.95999908447266,106.0,105.25,105.31999969482422,93.09849548339844,2405900
2015-12-31,104.93000030517578,105.31999969482422,104.30000305175781,104.30000305175781,92.19686126708984,3652200
2016-01-04,102.58000183105469,102.94999694824219,101.58000183105469,102.73999786376953,90.81790161132812,6138300
2016-01-05,102.9000015258789,103.18000030517578,102.30000305175781,102.97000122070312,91.02118682861328,3652300
2016-01-06,101.52999877929688,102.2300033569336,100.94999694824219,101.58999633789062,89.80133056640625,3732800
2016-01-07,99.9000015258789,100.80000305175781,98.87000274658203,99.0999984741211,87.60026550292969,9256200
2016-01-08,99.61000061035156,99.98999786376953,97.77999877929688,97.97000122070312,86.60140228271484,7015800
2016-01-11,98.55000305175781,98.66999816894531,96.77999877929688,97.91000366210938,86.54837036132812,6863800
2016-01-12,98.80000305175781,99.16999816894531,97.27999877929688,98.58000183105469,87.14063262939453,4457300
2016-01-13,99.0,99.19999694824219,95.77999877929688,96.04000091552734,84.89535522460938,6163000
2016-01-14,96.36000061035156,98.18000030517578,95.33000183105469,97.51000213623047,86.19478607177734,5085100
2016-01-15,95.05000305175781,95.87999725341797,94.22000122070312,95.45999908447266,84.38267517089844,8101700
2016-01-19,96.56999969482422,96.66999816894531,94.5,95.36000061035156,84.2942886352539,7435700
2016-01-20,94.0,95.2699966430664,91.79000091552734,94.41999816894531,83.46337890625,13844900
2016-01-21,94.69999694824219,95.95999908447266,93.81999969482422,94.79000091552734,83.79039764404297,7169500
2016-01-22,96.33000183105469,96.88999938964844,95.94999694824219,96.80999755859375,85.57601928710938,3701500
2016-01-25,96.63999938964844,96.6500015258789,95.11000061035156,95.22000122070312,84.17052459716797,4470500
2016-01-26,95.5999984741211,96.81999969482422,95.44000244140625,96.66999816894531,85.4522705078125,3333400
2016-01-27,96.4000015258789,97.31999969482422,95.05000305175781,95.56999969482422,84.47991180419922,5202400
2016-01-28,96.55999755859375,96.66000366210938,95.05000305175781,95.94999694824219,84.81580352783203,4540700
2016-01-29,96.44999694824219,98.36000061035156,96.3499984741211,98.33000183105469,86.91963958740234,5005400
2016-02-01,97.75,98.80999755859375,97.37000274658203,98.3499984741211,86.93729400634766,3868900
2016-02-02,97.5,97.55000305175781,96.16000366210938,96.44999694824219,85.25779724121094,3279600
2016-02-03,97.08999633789062,97.29000091552734,94.88999938964844,97.02999877929688,85.77047729492188,5457300
2016-02-04,96.79000091552734,97.91999816894531,96.47000122070312,97.26000213623047,85.97379302978516,3431800
2016-02-05,96.94000244140625,97.0,94.94999694824219,95.26000213623047,84.20587921142578,3993600
2016-02-08,94.19999694824219,94.37999725341797,92.5,93.77999877929688,82.89762878417969,6303900
2016-02-09,92.83999633789062,94.47000122070312,92.69999694824219,93.66000366210938,82.79154968261719,4793900
2016-02-10,94.19000244140625,95.2699966430664,93.62000274658203,93.72000122070312,82.84458923339844,3580000
2016-02-11,92.38999938964844,93.05999755859375,91.58000183105469,92.55999755859375,81.81918334960938,7239700
2016-02-12,93.47000122070312,94.37999725341797,93.01000213623047,94.36000061035156,83.4103012084961,2948100
2016-02-16,95.62000274658203,96.08999633789062,94.95999908447266,96.08000183105469,84.93072509765625,3577700
2016-02-17,96.7699966430664,97.93000030517578,96.58999633789062,97.66999816894531,86.33622741699219,3635000
2016-02-18,97.9000015258789,97.91999816894531,97.08999633789062,97.27999877929688,85.99148559570312,2432100
2016-02-19,96.8499984741211,97.36000061035156,96.43000030517578,97.30000305175781,86.00916290283203,2243700
2016-02-22,98.23999786376953,98.80000305175781,98.11000061035156,98.72000122070312,87.2643814086914,2235400
2016-02-23,98.37999725341797,98.5199966430664,97.47000122070312,97.52999877929688,86.21247100830078,3203900
2016-02-24,96.58000183105469,98.13999938964844,95.98999786376953,98.02999877929688,86.6544418334961,3253400
2016-02-25,98.2699966430664,99.19000244140625,97.81999969482422,99.19000244140625,87.67982482910156,4961900
2016-02-26,99.66999816894531,99.76000213623047,98.95999908447266,99.11000061035156,87.6091079711914,3194300
2016-02-29,99.12000274658203,99.69000244140625,98.31999969482422,98.31999969482422,86.9107894897461,2749400
2016-03-01,99.12999725341797,100.68000030517578,98.83999633789062,100.66000366210938,88.97924041748047,2955700
2016-03-02,100.5199966430664,101.23999786376953,100.26000213623047,101.22000122070312,89.47427368164062,3591400
2016-03-03,101.12999725341797,101.75,100.8499984741211,101.72000122070312,89.91625213623047,2703100
2016-03-04,101.88999938964844,102.5999984741211,101.4000015258789,102.06999969482422,90.22563934326172,2442100
2016-03-07,101.6500015258789,102.55999755859375,101.55999755859375,102.27999877929688,90.41127014160156,2963900
2016-03-08,101.7300033569336,101.80000305175781,100.91000366210938,101.01000213623047,89.28864288330078,3436900
2016-03-09,101.5,101.69999694824219,100.9800033569336,101.5,89.72177124023438,2131700
2016-03-10,101.80000305175781,102.30000305175781,100.4000015258789,101.47000122070312,89.69523620605469,3702000
2016-03-11,102.37000274658203,103.23999786376953,102.33000183105469,103.19000244140625,91.21566009521484,3253500
2016-03-14,102.87999725341797,103.31999969482422,102.69000244140625,103.06999969482422,91.10958862304688,2987100
2016-03-15,102.0,102.26000213623047,101.76000213623047,102.23999786376953,90.79877471923828,2992400
2016-03-16,101.98999786376953,103.08999633789062,101.91000366210938,102.87999725341797,91.36713409423828,3473600
2016-03-17,102.87000274658203,103.91999816894531,102.5999984741211,103.66999816894531,92.06875610351562,3472500
2016-03-18,103.94999694824219,104.27999877929688,103.80000305175781,104.12999725341797,92.47726440429688,2942300
2016-03-21,103.9800033569336,104.36000061035156,103.80000305175781,104.2300033569336,92.56607818603516,2539300
2016-03-22,103.75,104.5199966430664,103.61000061035156,104.19999694824219,92.53942108154297,1962600
2016-03-23,104.04000091552734,104.04000091552734,103.27999877929688,103.3499984741211,91.7845458984375,6087100
2016-03-24,102.76000213623047,103.33000183105469,102.52999877929688,103.31999969482422,91.75790405273438,2173000
2016-03-28,103.58000183105469,103.70999908447266,103.06999969482422,103.38999938964844,91.820068359375,2103400
2016-03-29,103.19000244140625,104.55000305175781,102.95999908447266,104.54000091552734,92.84139251708984,2925100
2016-03-30,105.04000091552734,105.38999938964844,104.7300033569336,104.94000244140625,93.19661712646484,2258800
2016-03-31,104.97000122070312,105.22000122070312,104.69999694824219,104.81999969482422,93.09007263183594,2230100
2016-04-01,104.30000305175781,105.56999969482422,103.94999694824219,105.4800033569336,93.67620086669922,2996000
2016-04-04,105.48999786376953,105.55000305175781,104.88999938964844,105.04000091552734,93.28543090820312,1847400
2016-04-05,104.30999755859375,104.55000305175781,103.87000274658203,104.0199966430664,92.37956237792969,2572500
2016-04-06,104.08999633789062,105.19999694824219,103.9000015258789,105.16000366210938,93.39199829101562,2572000
2016-04-07,104.5,104.73999786376953,103.44000244140625,103.9000015258789,92.27300262451172,2134800
2016-04-08,104.56999969482422,104.9000015258789,103.91000366210938,104.19999694824219,92.53942108154297,2337000
2016-04-11,104.6500015258789,105.05000305175781,103.91000366210938,103.91000366210938,92.28189086914062,2276300
2016-04-12,104.0999984741211,105.0999984741211,103.77999877929688,104.91999816894531,93.17884826660156,2358000
2016-04-13,105.5,106.16999816894531,105.43000030517578,106.1500015258789,94.2712173461914,2864500
2016-04-14,106.23999786376953,106.38999938964844,105.9000015258789,106.11000061035156,94.2356948852539,1666900
2016-04-15,106.12000274658203,106.19000244140625,105.87000274658203,106.05999755859375,94.19127655029297,1622600
2016-04-18,105.73999786376953,106.79000091552734,105.61000061035156,106.7699966430664,94.82183074951172,1767100
2016-04-19,107.0199966430664,107.30999755859375,106.61000061035156,107.06999969482422,95.08826446533203,2103700
2016-04-20,107.20999908447266,107.63999938964844,106.83000183105469,107.18000030517578,95.18595123291016,1958900
2016-04-21,107.26000213623047,107.33000183105469,106.4800033569336,106.6500015258789,94.71525573730469,1675200
2016-04-22,106.51000213623047,106.93000030517578,106.23999786376953,106.80000305175781,94.84846496582031,1893600
2016-04-25,106.5,106.58999633789062,106.05999755859375,106.54000091552734,94.6175537109375,2088100
2016-04-26,106.77999877929688,107.05000305175781,106.44000244140625,106.83000183105469,94.8751220703125,1747500
2016-04-27,106.66000366210938,107.33000183105469,106.41999816894531,107.08999633789062,95.10601043701172,2267900
2016-04-28,106.62999725341797,107.30000305175781,105.87000274658203,106.12999725341797,94.25345611572266,4834200
2016-04-29,105.80000305175781,105.95999908447266,104.80999755859375,105.51000213623047,93.70283508300781,3068000
2016-05-02,105.80000305175781,106.4000015258789,105.47000122070312,106.33000183105469,94.43106842041016,2546500
2016-05-03,105.62000274658203,105.68000030517578,104.81999969482422,105.26000213623047,93.48081970214844,5172600
2016-05-04,104.76000213623047,105.16999816894531,104.37000274658203,104.63999938964844,92.93020629882812,2578800
2016-05-05,104.94999694824219,105.16999816894531,104.37000274658203,104.5999984741211,92.89468383789062,1616700
2016-05-06,104.13999938964844,104.98999786376953,104.0,104.9800033569336,93.2321548461914,1759600
2016-05-09,104.87000274658203,105.33999633789062,104.7699966430664,105.08999633789062,93.329833984375,1747300
2016-05-10,105.5,106.4000015258789,105.41000366210938,106.33999633789062,94.43995666503906,2400900
2016-05-11,106.08999633789062,106.29000091552734,105.33999633789062,105.37000274658203,93.57850646972656,1531600
2016-05-12,105.81999969482422,105.87999725341797,104.72000122070312,105.33000183105469,93.54297637939453,2470000
2016-05-13,105.08000183105469,105.4800033569336,104.22000122070312,104.41999816894531,92.73480987548828,3754800
2016-05-16,104.58000183105469,105.75,104.41000366210938,105.45999908447266,93.65843200683594,2069600
2016-05-17,105.26000213623047,105.45999908447266,104.16000366210938,104.51000213623047,92.81473541259766,2792200
2016-05-18,104.51000213623047,105.19999694824219,103.81999969482422,104.5,92.80583953857422,2797700
2016-05-19,104.08000183105469,104.36000061035156,103.37000274658203,104.08999633789062,92.44173431396484,2616800
2016-05-20,104.54000091552734,105.13999938964844,104.44999694824219,104.88999938964844,93.15220642089844,2005700
2016-05-23,104.91999816894531,105.12000274658203,104.66000366210938,104.76000213623047,93.0367660522461,1662200
2016-05-24,105.22000122070312,106.37000274658203,105.22000122070312,106.16000366210938,94.28010559082031,2409000
2016-05-25,106.51000213623047,107.13999938964844,106.51000213623047,106.93000030517578,94.96392059326172,3266500
2016-05-26,107.0199966430664,107.13999938964844,106.7300033569336,106.91000366210938,94.94615936279297,1803600
2016-05-27,106.97000122070312,107.38999938964844,106.94999694824219,107.38999938964844,95.37245178222656,1691400
2016-05-31,107.56999969482422,107.69000244140625,106.95999908447266,107.33999633789062,95.32805633544922,2570700
2016-06-01,107.0,107.69999694824219,106.80000305175781,107.62999725341797,95.58558654785156,2679600
2016-06-02,107.4000015258789,107.98999786376953,107.11000061035156,107.98999786376953,95.90531158447266,2112700
2016-06-03,107.77999877929688,107.87000274658203,106.94000244140625,107.69000244140625,95.63888549804688,2502500
2016-06-06,107.83999633789062,108.45999908447266,107.80000305175781,108.25,96.13621520996094,1782300
2016-06-07,108.38999938964844,108.80999755859375,108.31999969482422,108.45999908447266,96.32272338867188,1271500
2016-06-08,108.61000061035156,108.93000030517578,108.5,108.83999633789062,96.66018676757812,1286500
2016-06-09,108.44999694824219,108.7300033569336,108.22000122070312,108.62000274658203,96.46481323242188,1743400
2016-06-10,107.77999877929688,107.91999816894531,107.16000366210938,107.5,95.47013092041016,1666400
2016-06-13,107.1500015258789,107.68000030517578,106.58999633789062,106.61000061035156,94.67974090576172,2354800
2016-06-14,105.9000015258789,106.33000183105469,105.36000061035156,105.94999694824219,94.50935363769531,2170100
2016-06-15,106.19000244140625,106.5999984741211,105.73999786376953,105.83999633789062,94.41123962402344,1841500
2016-06-16,105.30000305175781,106.18000030517578,104.69999694824219,106.1500015258789,94.68778991699219,1884300
2016-06-17,106.12000274658203,106.12000274658203,105.38999938964844,105.80000305175781,94.37554168701172,1713000
2016-06-20,106.93000030517578,107.38999938964844,106.45999908447266,106.5199966430664,95.01779174804688,2402900
2016-06-21,106.80000305175781,106.98999786376953,106.38999938964844,106.75,95.22296142578125,2248300
2016-06-22,106.80000305175781,107.27999877929688,106.44000244140625,106.51000213623047,95.00888061523438,2002700
2016-06-23,107.41999816894531,108.0,107.13999938964844,107.9800033569336,96.3201675415039,1622300
2016-06-24,104.12000274658203,105.94000244140625,103.86000061035156,104.05000305175781,92.81452941894531,7370400
2016-06-27,103.22000122070312,103.2300033569336,101.51000213623047,101.9800033569336,90.96804809570312,5213600
2016-06-28,103.08000183105469,103.86000061035156,102.83000183105469,103.8499984741211,92.63611602783203,7569500
2016-06-29,104.68000030517578,105.83000183105469,104.6500015258789,105.70999908447266,94.2952880859375,2635700
2016-06-30,106.01000213623047,107.19999694824219,105.62000274658203,107.16000366210938,95.5887222290039,5552300
2016-07-01,107.16000366210938,107.75,107.06999969482422,107.37000274658203,95.7760238647461,2938000
2016-07-05,106.94000244140625,107.0,106.13999938964844,106.56999969482422,95.06240844726562,3019900
2016-07-06,106.19999694824219,107.26000213623047,105.87999725341797,107.22000122070312,95.6422348022461,1767700
2016-07-07,107.37000274658203,107.7699966430664,106.75,107.16999816894531,95.59761047363281,1669800
2016-07-08,107.91000366210938,108.98999786376953,107.86000061035156,108.83999633789062,97.0873031616211,2362200
2016-07-11,109.19000244140625,109.62000274658203,109.0,109.29000091552734,97.48870086669922,3868300
2016-07-12,109.87999725341797,110.4000015258789,109.68000030517578,110.19999694824219,98.30043029785156,3222800
2016-07-13,110.43000030517578,110.5,109.80999755859375,110.13999938964844,98.2469253540039,1485700
2016-07-14,110.72000122070312,110.98999786376953,110.45999908447266,110.66999816894531,98.71968078613281,1561100
2016-07-15,110.88999938964844,110.97000122070312,110.29000091552734,110.55000305175781,98.61266326904297,1385500
2016-07-18,110.6500015258789,110.93000030517578,110.44000244140625,110.86000061035156,98.8891830444336,1359900
2016-07-19,110.62000274658203,110.75,110.4000015258789,110.63999938964844,98.69290924072266,3154100
2016-07-20,110.68000030517578,111.33000183105469,110.66000366210938,111.2300033569336,99.21922302246094,1135900
2016-07-21,111.18000030517578,111.29000091552734,110.5199966430664,110.79000091552734,98.82671356201172,3393400
2016-07-22,110.9000015258789,111.36000061035156,110.70999908447266,111.31999969482422,99.29948425292969,3546700
2016-07-25,111.23999786376953,111.2699966430664,110.69000244140625,111.02999877929688,99.04080200195312,1394200
2016-07-26,111.05999755859375,111.33999633789062,110.62999725341797,111.1500015258789,99.1478500366211,1432300
2016-07-27,111.41000366210938,111.41999816894531,110.55999755859375,111.0199966430664,99.03189086914062,1977500
2016-07-28,110.88999938964844,111.37999725341797,110.66000366210938,111.16000366210938,99.15678405761719,1945800
2016-07-29,111.08999633789062,111.62000274658203,110.81999969482422,111.41999816894531,99.38871002197266,1638200
2016-08-01,111.4000015258789,111.66999816894531,111.0,111.2699966430664,99.2548828125,2093200
2016-08-02,111.19000244140625,111.2300033569336,109.94999694824219,110.43000030517578,98.505615234375,2473900
2016-08-03,110.38999938964844,110.86000061035156,110.20999908447266,110.83999633789062,98.8713150024414,1353600
2016-08-04,110.8499984741211,111.18000030517578,110.69000244140625,110.97000122070312,98.98731231689453,1113600
2016-08-05,111.41999816894531,111.91999816894531,111.31999969482422,111.88999938964844,99.80796813964844,1379600
2016-08-08,111.98999786376953,112.12000274658203,111.69000244140625,111.81999969482422,99.74552154541016,1238800
2016-08-09,111.94000244140625,112.18000030517578,111.75,111.91999816894531,99.83473205566406,1032500
2016-08-10,111.94000244140625,112.05000305175781,111.41999816894531,111.58999633789062,99.54035186767578,1259100
2016-08-11,111.9800033569336,112.26000213623047,111.7300033569336,112.1500015258789,100.03987884521484,1378000
2016-08-12,111.97000122070312,112.16999816894531,111.76000213623047,112.04000091552734,99.94175720214844,1542900
2016-08-15,112.29000091552734,112.63999938964844,112.06999969482422,112.44999694824219,100.30747985839844,1442800
2016-08-16,112.2300033569336,112.23999786376953,111.80999755859375,111.80999755859375,99.7365951538086,1228600
2016-08-17,111.83999633789062,112.02999877929688,111.2699966430664,111.94999694824219,99.86148071289062,2791500
2016-08-18,111.91999816894531,112.30000305175781,111.70999908447266,112.30000305175781,100.17367553710938,972100
2016-08-19,112.0,112.2300033569336,111.7300033569336,112.13999938964844,100.03096771240234,1000600
2016-08-22,112.04000091552734,112.25,111.7699966430664,112.16999816894531,100.05770874023438,1102000
2016-08-23,112.4800033569336,112.77999877929688,112.44000244140625,112.47000122070312,100.32532501220703,3252300
2016-08-24,112.43000030517578,112.45999908447266,111.58999633789062,111.83999633789062,99.76335906982422,2267800
2016-08-25,111.69999694824219,112.06999969482422,111.55000305175781,111.7699966430664,99.70089721679688,1205200
2016-08-26,111.87000274658203,112.55000305175781,111.05000305175781,111.54000091552734,99.49574279785156,1851100
2016-08-29,111.72000122070312,112.33000183105469,111.69999694824219,112.1500015258789,100.03987884521484,1071200
2016-08-30,112.16000366210938,112.30000305175781,111.66000366210938,111.97000122070312,99.87931823730469,1534600
2016-08-31,111.87999725341797,111.9000015258789,111.19999694824219,111.6500015258789,99.59387969970703,1393700
2016-09-01,111.7699966430664,111.88999938964844,110.97000122070312,111.70999908447266,99.64737701416016,1670900
2016-09-02,112.19000244140625,112.51000213623047,111.91999816894531,112.27999877929688,100.15583038330078,1563200
2016-09-06,112.45999908447266,112.62000274658203,112.0199966430664,112.5999984741211,100.44126892089844,4111700
2016-09-07,112.54000091552734,112.75,112.29000091552734,112.75,100.5750732421875,1590000
2016-09-08,112.56999969482422,112.66999816894531,112.26000213623047,112.45999908447266,100.31641387939453,1152400
2016-09-09,111.72000122070312,111.7300033569336,109.6500015258789,109.66000366210938,97.8187484741211,3337400
2016-09-12,109.19000244140625,111.4000015258789,109.05000305175781,111.19000244140625,99.18354797363281,3043500
2016-09-13,109.94999694824219,110.01000213623047,108.56999969482422,108.91999816894531,97.6319351196289,5122100
2016-09-14,109.05000305175781,109.70999908447266,108.61000061035156,108.93000030517578,97.64089965820312,2041600
2016-09-15,108.86000061035156,110.25,108.73999786376953,110.05000305175781,98.64483642578125,2960400
2016-09-16,109.75,109.7699966430664,109.22000122070312,109.61000061035156,98.25045013427734,2779400
2016-09-19,110.19000244140625,110.5,109.5199966430664,109.7699966430664,98.39382934570312,3430200
2016-09-20,110.29000091552734,110.33000183105469,109.69000244140625,109.72000122070312,98.34902954101562,1603400
2016-09-21,110.11000061035156,111.08000183105469,109.70999908447266,110.9800033569336,99.47843933105469,1971800
2016-09-22,111.62999725341797,111.91999816894531,111.52999877929688,111.79000091552734,100.2044906616211,1525300
2016-09-23,111.58999633789062,111.68000030517578,111.11000061035156,111.1500015258789,99.63084411621094,1531900
2016-09-26,110.63999938964844,110.87000274658203,110.20999908447266,110.2699966430664,98.84202575683594,2136700
2016-09-27,110.2300033569336,110.94999694824219,109.98999786376953,110.9000015258789,99.40673828125,1292400
2016-09-28,111.05999755859375,111.5999984741211,110.45999908447266,111.55000305175781,99.98937225341797,1439800
2016-09-29,111.4800033569336,111.62000274658203,110.16999816894531,110.45999908447266,99.01231384277344,2037100
2016-09-30,110.97000122070312,111.70999908447266,110.75,111.33000183105469,99.79217529296875,1722500
2016-10-03,111.08999633789062,111.2300033569336,110.62999725341797,110.98999786376953,99.48741149902344,2207600
2016-10-04,111.12000274658203,111.22000122070312,110.0999984741211,110.48999786376953,99.03923797607422,2701100
2016-10-05,110.77999877929688,111.22000122070312,110.58999633789062,110.91999816894531,99.42466735839844,2119000
2016-10-06,110.75,111.08999633789062,110.38999938964844,110.95999908447266,99.46054077148438,1067600
2016-10-07,111.1500015258789,111.2300033569336,110.05999755859375,110.54000091552734,99.08405303955078,1770400
2016-10-10,110.54000091552734,111.44000244140625,110.54000091552734,111.13999938964844,99.62189483642578,1135000
2016-10-11,110.94000244140625,110.94999694824219,109.23999786376953,109.66000366210938,98.29524993896484,1996900
2016-10-12,109.77999877929688,110.12999725341797,109.45999908447266,109.79000091552734,98.41175842285156,1849100
2016-10-13,109.01000213623047,109.72000122070312,108.4800033569336,109.4000015258789,98.06219482421875,1986200
2016-10-14,110.0,110.31999969482422,109.36000061035156,109.37000274658203,98.03531646728516,2673900
2016-10-17,109.37999725341797,109.54000091552734,108.94000244140625,109.05999755859375,97.7574234008789,2507700
2016-10-18,109.91999816894531,110.02999877929688,109.5,109.69999694824219,98.33110046386719,1635200
2016-10-19,109.94000244140625,110.25,109.62000274658203,110.05000305175781,98.64483642578125,1408200
2016-10-20,109.9000015258789,110.16999816894531,109.41999816894531,109.83999633789062,98.45658111572266,2017000
2016-10-21,109.41000366210938,109.9000015258789,109.19999694824219,109.80000305175781,98.4207534790039,1234400
2016-10-24,110.38999938964844,110.5999984741211,110.12999725341797,110.3499984741211,98.91373443603516,2004700
2016-10-25,110.25,110.33000183105469,109.79000091552734,109.87999725341797,98.492431640625,2079100
2016-10-26,109.47000122070312,109.97000122070312,109.26000213623047,109.55000305175781,98.19664001464844,1827200
2016-10-27,110.0,110.0,109.08000183105469,109.18000030517578,97.864990234375,1597800
2016-10-28,109.11000061035156,109.55999755859375,108.47000122070312,108.81999969482422,97.54230499267578,2868100
2016-10-31,109.05000305175781,109.20999908447266,108.80999755859375,108.88999938964844,97.60504913330078,1913600
2016-11-01,109.0999984741211,109.19000244140625,107.38999938964844,108.08000183105469,96.87897491455078,3169800
2016-11-02,107.87000274658203,108.08000183105469,107.11000061035156,107.33000183105469,96.20672607421875,2957400
2016-11-03,107.41999816894531,107.62999725341797,106.70999908447266,106.86000061035156,95.78543090820312,2096400
2016-11-04,106.88999938964844,107.51000213623047,106.69000244140625,106.79000091552734,95.7226791381836,2805400
2016-11-07,108.41000366210938,109.16999816894531,108.20999908447266,109.1500015258789,97.83808898925781,2527700
2016-11-08,109.01000213623047,109.98999786376953,108.7300033569336,109.62000274658203,98.25938415527344,2074200
2016-11-09,108.7699966430664,111.33000183105469,108.5,110.9800033569336,99.47843933105469,6482000
2016-11-10,111.58999633789062,112.12999725341797,110.4800033569336,111.37000274658203,99.82804870605469,5083500
2016-11-11,111.0,111.51000213623047,110.69000244140625,111.41000366210938,99.8638916015625,4005200
2016-11-14,111.77999877929688,112.05000305175781,111.29000091552734,111.69999694824219,100.12381744384766,5234000
2016-11-15,112.04000091552734,112.5999984741211,111.76000213623047,112.56999969482422,100.90367126464844,6037200
2016-11-16,112.37000274658203,112.52999877929688,112.13999938964844,112.41000366210938,100.76025390625,7113900
2016-11-17,112.52999877929688,113.04000091552734,112.3499984741211,112.9800033569336,101.27116394042969,1874800
2016-11-18,113.05000305175781,113.12000274658203,112.66999816894531,112.7699966430664,101.08291625976562,2298200
2016-11-21,113.12000274658203,113.62999725341797,112.87000274658203,113.62000274658203,101.84484100341797,2493900
2016-11-22,113.87999725341797,114.04000091552734,113.44000244140625,113.94999694824219,102.1406478881836,2673200
2016-11-23,113.72000122070312,114.12000274658203,113.48999786376953,114.11000061035156,102.28407287597656,1818700
2016-11-25,114.3499984741211,114.55000305175781,114.20999908447266,114.55000305175781,102.67848205566406,889800
2016-11-28,114.31999969482422,114.41000366210938,113.80000305175781,113.88999938964844,102.08688354492188,1849800
2016-11-29,113.9000015258789,114.3499984741211,113.68000030517578,114.05000305175781,102.23030090332031,1544200
2016-11-30,114.47000122070312,114.55000305175781,113.77999877929688,113.77999877929688,101.98826599121094,4406200
2016-12-01,114.02999877929688,114.02999877929688,113.06999969482422,113.30999755859375,101.56698608398438,2601100
2016-12-02,113.33999633789062,113.66999816894531,113.1500015258789,113.30999755859375,101.56698608398438,1755900
2016-12-05,113.9000015258789,114.37000274658203,113.7699966430664,114.0999984741211,102.27510833740234,3842900
2016-12-06,114.33999633789062,114.70999908447266,114.0199966430664,114.68000030517578,102.79499053955078,2357100
2016-12-07,114.62999725341797,116.19000244140625,114.51000213623047,116.0999984741211,104.06783294677734,4000000
2016-12-08,116.18000030517578,116.8499984741211,115.97000122070312,116.5199966430664,104.44430541992188,2679400
2016-12-09,116.7699966430664,117.1500015258789,116.62000274658203,117.1500015258789,105.00902557373047,2310200
2016-12-12,117.12000274658203,117.3499984741211,116.58999633789062,116.8499984741211,104.74009704589844,4224500
2016-12-13,117.30000305175781,117.79000091552734,117.12999725341797,117.52999877929688,105.3496322631836,4393900
2016-12-14,117.4800033569336,117.7300033569336,116.2300033569336,116.47000122070312,104.39950561523438,3885400
2016-12-15,116.55999755859375,117.52999877929688,116.5,116.94999694824219,104.8297348022461,3343100
2016-12-16,117.2699966430664,117.37999725341797,116.58999633789062,116.7699966430664,104.66838073730469,1991600
2016-12-19,116.95999908447266,117.31999969482422,116.80000305175781,117.0999984741211,104.96418762207031,2405700
2016-12-20,116.87999725341797,116.93000030517578,116.5999984741211,116.87000274658203,105.41246795654297,2942400
2016-12-21,116.87000274658203,116.91999816894531,116.54000091552734,116.54000091552734,105.11483764648438,2248600
2016-12-22,116.41999816894531,116.51000213623047,115.9800033569336,116.23999786376953,104.84422302246094,3105800
2016-12-23,116.2300033569336,116.41999816894531,116.12999725341797,116.41999816894531,105.00656127929688,2325800
2016-12-27,116.56999969482422,116.98999786376953,116.5,116.70999908447266,105.26814270019531,3386800
2016-12-28,116.87999725341797,116.93000030517578,115.66000366210938,115.73999786376953,104.39325714111328,2591000
2016-12-29,115.73999786376953,116.02999877929688,115.47000122070312,115.75,104.40227508544922,1622700
2016-12-30,116.0,116.0,114.95999908447266,115.31999969482422,104.01441192626953,2909900
2017-01-03,116.1500015258789,116.55000305175781,115.48999786376953,116.19999694824219,104.80815124511719,2731600
2017-01-04,116.47000122070312,117.19000244140625,116.41999816894531,117.08999633789062,105.61091613769531,3228700
2017-01-05,116.94999694824219,117.08999633789062,116.4000015258789,116.86000061035156,105.40343475341797,2604000
2017-01-06,117.0199966430664,117.5199966430664,116.63999938964844,117.2300033569336,105.73716735839844,2317600
2017-01-09,117.0999984741211,117.13999938964844,116.73999786376953,116.77999877929688,105.331298828125,2461400
2017-01-10,116.76000213623047,117.36000061035156,116.62000274658203,116.87000274658203,105.41246795654297,2055300
2017-01-11,116.91000366210938,117.23999786376953,116.48999786376953,117.23999786376953,105.7461929321289,2751800
2017-01-12,117.04000091552734,117.04000091552734,116.01000213623047,116.93000030517578,105.46659088134766,2342300
2017-01-13,116.98999786376953,117.4000015258789,116.9800033569336,117.22000122070312,105.72816467285156,2031800
2017-01-17,116.86000061035156,117.05999755859375,116.47000122070312,116.69999694824219,105.2591323852539,2583600
2017-01-18,116.80000305175781,117.0,116.4800033569336,116.97000122070312,105.5026626586914,1901700
2017-01-19,117.02999877929688,117.13999938964844,116.23999786376953,116.51000213623047,105.0877456665039,1899300
2017-01-20,116.83999633789062,117.2300033569336,116.58999633789062,116.91000366210938,105.44856262207031,2636100
2017-01-23,116.75,116.97000122070312,116.16999816894531,116.5999984741211,105.16893768310547,1938900
2017-01-24,116.81999969482422,117.73999786376953,116.73999786376953,117.51000213623047,105.9897232055664,2165400
2017-01-25,118.0199966430664,118.55999755859375,117.94000244140625,118.5199966430664,106.90072631835938,2427800
2017-01-26,118.55999755859375,118.62000274658203,118.2300033569336,118.3499984741211,106.74736785888672,2178500
2017-01-27,118.44999694824219,118.4800033569336,118.0199966430664,118.16000366210938,106.57600402832031,1479500
2017-01-30,117.7300033569336,117.80000305175781,116.68000030517578,117.36000061035156,105.85441589355469,3006100
2017-01-31,117.0,117.45999908447266,116.7300033569336,117.45999908447266,105.94463348388672,3309700
2017-02-01,117.86000061035156,118.04000091552734,117.06999969482422,117.44999694824219,105.93561553955078,2614500
2017-02-02,117.20999908447266,117.72000122070312,117.0199966430664,117.52999877929688,106.00776672363281,1745200
2017-02-03,117.98999786376953,118.5199966430664,117.91999816894531,118.41999816894531,106.81050872802734,1837600
2017-02-06,118.26000213623047,118.41000366210938,117.94000244140625,118.13999938964844,106.55793762207031,1598800
2017-02-07,118.43000030517578,118.52999877929688,117.95999908447266,118.12999725341797,106.54893493652344,3365700
2017-02-08,118.12999725341797,118.31999969482422,117.69000244140625,118.26000213623047,106.66619110107422,1836000
2017-02-09,118.26000213623047,119.20999908447266,118.26000213623047,119.04000091552734,107.36971282958984,1635300
2017-02-10,119.29000091552734,119.69999694824219,119.20999908447266,119.54000091552734,107.8207015991211,1837800
2017-02-13,119.91999816894531,120.33000183105469,119.87000274658203,120.13999938964844,108.36190032958984,1985500
2017-02-14,120.0999984741211,120.62999725341797,119.8499984741211,120.58000183105469,108.75877380371094,2051200
2017-02-15,120.56999969482422,121.3499984741211,120.44999694824219,121.23999786376953,109.35404205322266,1998200
2017-02-16,121.25,121.37000274658203,120.63999938964844,121.12999725341797,109.25481414794922,2034600
2017-02-17,120.66000366210938,121.30999755859375,120.66000366210938,121.30999755859375,109.41720581054688,1948400
2017-02-21,121.55000305175781,122.12999725341797,121.38999938964844,122.02999877929688,110.06660461425781,2422800
2017-02-22,121.81999969482422,122.02999877929688,121.68000030517578,121.87000274658203,109.92227172851562,1974000
2017-02-23,122.20999908447266,122.2300033569336,121.31999969482422,121.77999877929688,109.84111785888672,2024900
2017-02-24,121.37999725341797,121.98999786376953,121.23999786376953,121.9800033569336,110.02147674560547,2962900
2017-02-27,121.91999816894531,122.36000061035156,121.73999786376953,122.25,110.26504516601562,2625100
2017-02-28,122.18000030517578,122.18000030517578,121.61000061035156,121.80000305175781,109.8591537475586,2231800
2017-03-01,122.80999755859375,123.7300033569336,122.6500015258789,123.44000244140625,111.33837127685547,2874400
2017-03-02,123.41999816894531,123.41999816894531,122.61000061035156,122.6500015258789,110.62581634521484,2421400
2017-03-03,122.62999725341797,122.80000305175781,122.33000183105469,122.75,110.71601104736328,1651200
2017-03-06,122.4800033569336,122.4800033569336,121.9000015258789,122.2699966430664,110.28306579589844,1716200
2017-03-07,122.20999908447266,122.29000091552734,121.75,121.87999725341797,109.93128204345703,1612500
2017-03-08,121.98999786376953,122.18000030517578,121.47000122070312,121.54000091552734,109.62464141845703,2374200
2017-03-09,121.5999984741211,121.88999938964844,121.0199966430664,121.5999984741211,109.67875671386719,3852800
2017-03-10,122.19000244140625,122.25,121.45999908447266,122.04000091552734,110.07563018798828,2987300
2017-03-13,122.05999755859375,122.16000366210938,121.86000061035156,122.12999725341797,110.15679931640625,2003900
2017-03-14,121.87000274658203,121.87000274658203,121.23999786376953,121.69000244140625,109.75994110107422,2269500
2017-03-15,121.9800033569336,123.04000091552734,121.88999938964844,122.79000091552734,110.75209045410156,1892200
2017-03-16,122.95999908447266,123.0,122.43000030517578,122.63999938964844,110.61679077148438,2050100
2017-03-17,122.83999633789062,122.87999725341797,122.44999694824219,122.56999969482422,110.55364227294922,1974000
2017-03-20,122.51000213623047,122.62000274658203,122.06999969482422,122.27999877929688,110.29208374023438,3239900
2017-03-21,122.69000244140625,122.72000122070312,120.44000244140625,120.56999969482422,108.7497329711914,3355100
2017-03-22,120.4800033569336,120.91000366210938,120.0999984741211,120.7300033569336,108.89405059814453,2896300
2017-03-23,120.66000366210938,121.38999938964844,120.47000122070312,120.69000244140625,108.85798645019531,2257100
2017-03-24,120.41999816894531,120.73999786376953,119.66000366210938,120.16000366210938,108.86884307861328,2305400
2017-03-27,119.18000030517578,120.19000244140625,118.88999938964844,120.0199966430664,108.74198150634766,2927700
2017-03-28,119.95999908447266,121.13999938964844,119.77999877929688,120.86000061035156,109.5030746459961,2699200
2017-03-29,120.87999725341797,121.2300033569336,120.58000183105469,121.08000183105469,109.702392578125,3196500
2017-03-30,121.13999938964844,121.62000274658203,120.98999786376953,121.52999877929688,110.11009216308594,2076900
2017-03-31,121.41999816894531,121.72000122070312,121.26000213623047,121.31999969482422,109.91983795166016,1815900
2017-04-03,121.44999694824219,121.5,120.33000183105469,121.0199966430664,109.64801025390625,3103100
2017-04-04,120.88999938964844,121.11000061035156,120.63999938964844,121.08000183105469,109.702392578125,2462600
2017-04-05,121.48999786376953,122.0199966430664,120.44000244140625,120.58999633789062,109.25843811035156,3905800
2017-04-06,120.69000244140625,121.26000213623047,120.37999725341797,120.97000122070312,109.60272216796875,2056100
2017-04-07,120.83999633789062,121.29000091552734,120.58999633789062,120.87999725341797,109.52120208740234,1997000
2017-04-10,121.04000091552734,121.51000213623047,120.69999694824219,121.02999877929688,109.65709686279297,1669500
2017-04-11,120.87000274658203,121.0,120.05999755859375,120.98999786376953,109.62085723876953,2895500
2017-04-12,120.87999725341797,120.98999786376953,120.2300033569336,120.37000274658203,109.05912780761719,1967200
2017-04-13,120.1500015258789,120.55999755859375,119.55000305175781,119.55000305175781,108.31616973876953,2852200
2017-04-17,119.87999725341797,120.61000061035156,119.68000030517578,120.58999633789062,109.25843811035156,3198700
2017-04-18,120.19999694824219,120.56999969482422,119.8499984741211,120.33000183105469,109.02287292480469,1865800
2017-04-19,120.72000122070312,120.91999816894531,120.08000183105469,120.2300033569336,108.93226623535156,1806900
2017-04-20,120.58999633789062,121.43000030517578,120.37000274658203,121.22000122070312,109.82923889160156,1783400
2017-04-21,121.20999908447266,121.20999908447266,120.61000061035156,120.83000183105469,109.47589111328125,2006500
2017-04-24,122.16999816894531,122.27999877929688,121.87999725341797,122.11000061035156,110.63558959960938,2178800
2017-04-25,122.55999755859375,123.08999633789062,122.5199966430664,122.87000274658203,111.32418823242188,2145200
2017-04-26,122.9000015258789,123.44999694824219,122.8499984741211,122.9000015258789,111.35135650634766,3080100
2017-04-27,123.12000274658203,123.20999908447266,122.69000244140625,123.0199966430664,111.46009063720703,1868200
2017-04-28,123.16000366210938,123.20999908447266,122.55000305175781,122.61000061035156,111.08860778808594,1795800
2017-05-01,122.93000030517578,123.19000244140625,122.62000274658203,122.93000030517578,111.3785629272461,1983100
2017-05-02,123.08999633789062,123.25,122.69999694824219,122.93000030517578,111.3785629272461,1756900
2017-05-03,122.58999633789062,122.77999877929688,122.27999877929688,122.62999725341797,111.10674285888672,3691000
2017-05-04,122.83000183105469,122.83000183105469,122.16000366210938,122.72000122070312,111.18828582763672,1564300
2017-05-05,122.94999694824219,123.33000183105469,122.68000030517578,123.33000183105469,111.7409896850586,2057700
2017-05-08,123.36000061035156,123.44999694824219,122.9000015258789,123.13999938964844,111.5688247680664,2150900
2017-05-09,123.36000061035156,123.43000030517578,122.8499984741211,123.0999984741211,111.5325698852539,1846200
2017-05-10,123.08999633789062,123.37999725341797,122.93000030517578,123.37000274658203,111.77720642089844,1468500
2017-05-11,123.0199966430664,123.12999725341797,122.33000183105469,123.01000213623047,111.45104217529297,1499600
2017-05-12,122.91000366210938,122.91000366210938,122.5999984741211,122.7699966430664,111.23357391357422,1235300
2017-05-15,123.06999969482422,123.58999633789062,123.04000091552734,123.43000030517578,111.83155059814453,3097000
2017-05-16,123.62999725341797,123.6500015258789,123.06999969482422,123.36000061035156,111.76812744140625,2128400
2017-05-17,122.30999755859375,122.55999755859375,121.06999969482422,121.13999938964844,109.75675201416016,3703500
2017-05-18,120.94000244140625,122.0199966430664,120.8499984741211,121.5,110.08292388916016,2883400
2017-05-19,121.91000366210938,122.7699966430664,121.81999969482422,122.37000274658203,110.8711929321289,2144200
2017-05-22,122.66999816894531,123.0999984741211,122.63999938964844,123.0199966430664,111.46009063720703,1810100
2017-05-23,123.25,123.38999938964844,122.94999694824219,123.2300033569336,111.6503677368164,1796600
2017-05-24,123.44000244140625,123.66000366210938,123.2300033569336,123.58999633789062,111.97651672363281,1552200
2017-05-25,123.9000015258789,124.2699966430664,123.79000091552734,124.11000061035156,112.44766998291016,1492300
2017-05-26,124.0,124.1500015258789,123.93000030517578,124.08999633789062,112.42955780029297,1320800
2017-05-30,123.87000274658203,124.05999755859375,123.70999908447266,123.88999938964844,112.24833679199219,1348300
2017-05-31,124.01000213623047,124.08999633789062,123.30999755859375,123.8499984741211,112.21210479736328,2043800
2017-06-01,124.16999816894531,125.0,123.95999908447266,125.0,113.25403594970703,1926700
2017-06-02,125.08999633789062,125.58000183105469,124.87000274658203,125.41000366210938,113.62550354003906,2839300
2017-06-05,125.41999816894531,125.5,125.22000122070312,125.25,113.48055267333984,1494200
2017-06-06,124.95999908447266,125.29000091552734,124.77999877929688,124.93000030517578,113.19062042236328,2985200
2017-06-07,125.12000274658203,125.23999786376953,124.68000030517578,125.06999969482422,113.31744384765625,1253300
2017-06-08,125.12000274658203,125.52999877929688,124.87999725341797,125.29000091552734,113.51677703857422,1826700
2017-06-09,125.4800033569336,126.0199966430664,124.44999694824219,125.19000244140625,113.4261703491211,2585600
2017-06-12,125.05999755859375,125.19999694824219,124.62999725341797,125.16999816894531,113.40805053710938,1973500
2017-06-13,125.5199966430664,125.83999633789062,125.31999969482422,125.79000091552734,113.96981048583984,1567400
2017-06-14,126.0,126.0199966430664,125.0999984741211,125.61000061035156,113.80671691894531,2584300
2017-06-15,124.7699966430664,125.3499984741211,124.62999725341797,125.33000183105469,113.55303192138672,2483500
2017-06-16,125.41999816894531,125.52999877929688,124.73999786376953,125.25,113.48055267333984,2018000
2017-06-19,125.66999816894531,126.3499984741211,125.66999816894531,126.2699966430664,114.40470123291016,1816100
2017-06-20,126.16000366210938,126.16999816894531,125.4000015258789,125.41000366210938,113.62550354003906,1359500
2017-06-21,125.11000061035156,125.19999694824219,124.51000213623047,124.69000244140625,113.49351501464844,3364600
2017-06-22,124.77999877929688,125.08000183105469,124.58999633789062,124.73999786376953,113.53903198242188,1639300
2017-06-23,124.80999755859375,125.19000244140625,124.58000183105469,125.05000305175781,113.82121276855469,1829300
2017-06-26,125.44999694824219,125.69000244140625,124.94999694824219,125.13999938964844,113.90311431884766,2605600
2017-06-27,125.08999633789062,125.2300033569336,124.0999984741211,124.11000061035156,112.96562194824219,2386300
2017-06-28,124.7699966430664,125.41000366210938,124.58999633789062,125.27999877929688,114.03055572509766,2444400
2017-06-29,125.45999908447266,125.4800033569336,123.4800033569336,124.27999877929688,113.12035369873047,2354500
2017-06-30,124.76000213623047,124.9000015258789,124.30000305175781,124.44999694824219,113.27507019042969,1910000
2017-07-03,124.98999786376953,125.30000305175781,124.75,124.75,113.54812622070312,1645700
2017-07-05,124.9800033569336,125.0199966430664,124.38999938964844,124.88999938964844,113.67556762695312,2167500
2017-07-06,124.44000244140625,124.55000305175781,123.55999755859375,123.66000366210938,112.55601501464844,1881800
2017-07-07,123.95999908447266,124.62000274658203,123.9000015258789,124.5199966430664,113.33878326416016,1709700
2017-07-10,124.5,124.83000183105469,124.36000061035156,124.61000061035156,113.42070770263672,1404700
2017-07-11,124.52999877929688,124.7300033569336,123.83000183105469,124.58000183105469,113.3934097290039,1560200
2017-07-12,125.19999694824219,125.62999725341797,125.0999984741211,125.47000122070312,114.20349884033203,1993100
2017-07-13,125.55999755859375,125.76000213623047,125.30999755859375,125.66999816894531,114.38552856445312,1514100
2017-07-14,125.7699966430664,126.5,125.6500015258789,126.2300033569336,114.895263671875,1410900
2017-07-17,126.27999877929688,126.44999694824219,126.12000274658203,126.2300033569336,114.895263671875,1798400
2017-07-18,126.11000061035156,126.33000183105469,125.77999877929688,126.30999755859375,114.96807098388672,2010000
2017-07-19,126.51000213623047,127.05000305175781,126.51000213623047,127.04000091552734,115.63252258300781,1276400
2017-07-20,127.27999877929688,127.27999877929688,126.80000305175781,127.12000274658203,115.705322265625,1463800
2017-07-21,126.80999755859375,126.98999786376953,126.63999938964844,126.94999694824219,115.55060577392578,1819500
2017-07-24,126.91000366210938,127.05999755859375,126.69000244140625,126.95999908447266,115.5596923828125,4897700
2017-07-25,127.51000213623047,127.56999969482422,127.19999694824219,127.37999725341797,115.9419937133789,1709400
2017-07-26,127.55000305175781,127.5999984741211,127.16999816894531,127.29000091552734,115.86005401611328,1624400
2017-07-27,127.58000183105469,127.58000183105469,126.30999755859375,127.06999969482422,115.65983581542969,1707800
2017-07-28,126.77999877929688,126.95999908447266,126.54000091552734,126.86000061035156,115.46866607666016,1651800
2017-07-31,127.11000061035156,127.18000030517578,126.62000274658203,126.79000091552734,115.40497589111328,1496600
2017-08-01,127.18000030517578,127.20999908447266,126.80000305175781,127.05000305175781,115.6416244506836,1790600
2017-08-02,127.13999938964844,127.13999938964844,126.37000274658203,126.93000030517578,115.53239440917969,2929400
2017-08-03,126.9000015258789,126.91000366210938,126.5199966430664,126.63999938964844,115.2684326171875,2582500
2017-08-04,127.0,127.06999969482422,126.69999694824219,126.91000366210938,115.51419067382812,972400
2017-08-07,127.05999755859375,127.18000030517578,126.87999725341797,127.16000366210938,115.74173736572266,1114700
2017-08-08,127.05000305175781,127.72000122070312,126.61000061035156,126.80999755859375,115.42317962646484,1360300
2017-08-09,126.3499984741211,126.69000244140625,126.16999816894531,126.66999816894531,115.29573059082031,1679900
2017-08-10,126.13999938964844,126.20999908447266,124.80000305175781,124.80999755859375,113.60273742675781,2455300
2017-08-11,124.94000244140625,125.33000183105469,124.80000305175781,125.04000091552734,113.81209564208984,2039100
2017-08-14,125.80000305175781,126.43000030517578,125.61000061035156,126.31999969482422,114.97716522216797,1467400
2017-08-15,126.61000061035156,126.62999725341797,126.08000183105469,126.19999694824219,114.86795043945312,1523000
2017-08-16,126.5,126.80000305175781,126.2300033569336,126.43000030517578,115.07727813720703,1379800
2017-08-17,126.08999633789062,126.29000091552734,124.41999816894531,124.41999816894531,113.24777221679688,3440500
2017-08-18,124.4800033569336,124.94000244140625,123.94999694824219,124.20999908447266,113.05662536621094,2836500
2017-08-21,124.22000122070312,124.4800033569336,123.79000091552734,124.38999938964844,113.22046661376953,1627300
2017-08-22,124.7300033569336,125.75,124.55999755859375,125.63999938964844,114.35823822021484,2089500
2017-08-23,125.06999969482422,125.51000213623047,125.0199966430664,125.26000213623047,114.01233673095703,1268800
2017-08-24,125.5,125.62999725341797,124.94000244140625,125.05999755859375,113.83028411865234,1381700
2017-08-25,125.41999816894531,125.8499984741211,125.23999786376953,125.36000061035156,114.10337829589844,1158200
2017-08-28,125.66000366210938,125.66000366210938,125.11000061035156,125.41000366210938,114.14888763427734,1787900
2017-08-29,124.58999633789062,125.62000274658203,124.5199966430664,125.45999908447266,114.19438171386719,1312300
2017-08-30,125.45999908447266,126.27999877929688,125.37999725341797,126.12000274658203,114.79512786865234,1730600
2017-08-31,126.45999908447266,127.13999938964844,126.45999908447266,126.9800033569336,115.5779037475586,3384400
2017-09-01,127.2300033569336,127.45999908447266,127.12000274658203,127.2699966430664,115.84186553955078,2122600
2017-09-05,126.91999816894531,127.0999984741211,125.69000244140625,126.29000091552734,114.94988250732422,2319000
2017-09-06,126.69000244140625,126.86000061035156,126.31999969482422,126.63999938964844,115.2684326171875,1449900
2017-09-07,126.95999908447266,126.95999908447266,126.31999969482422,126.58000183105469,115.21381378173828,1218600
2017-09-08,126.3499984741211,126.73999786376953,126.2699966430664,126.48999786376953,115.13188934326172,1206100
2017-09-11,127.1500015258789,127.91000366210938,127.1500015258789,127.8499984741211,116.36978149414062,1346500
2017-09-12,128.0399932861328,128.33999633789062,128.0,128.33999633789062,116.81578826904297,2264200
2017-09-13,128.22999572753906,128.41000366210938,128.1199951171875,128.39999389648438,116.87037658691406,1692500
2017-09-14,128.22999572753906,128.47999572753906,128.07000732421875,128.36000061035156,116.833984375,1493200
2017-09-15,128.30999755859375,128.6199951171875,128.1999969482422,128.60000610351562,117.05244445800781,1531300
2017-09-18,128.85000610351562,129.10000610351562,128.69000244140625,128.91000366210938,117.33460235595703,1792300
2017-09-19,129.05999755859375,129.10000610351562,128.85000610351562,128.97000122070312,117.38921356201172,1241700
2017-09-20,129.10000610351562,129.2100067138672,128.60000610351562,129.17999267578125,117.5803451538086,1729200
2017-09-21,129.1199951171875,129.1300048828125,128.72000122070312,128.82000732421875,117.25267791748047,1730600
2017-09-22,128.13999938964844,128.44000244140625,127.98999786376953,128.3699951171875,117.3468246459961,1601600
2017-09-25,128.24000549316406,128.42999267578125,127.69000244140625,128.16000366210938,117.15486907958984,2186000
2017-09-26,128.35000610351562,128.50999450683594,128.11000061035156,128.19000244140625,117.18228912353516,1851500
2017-09-27,128.83999633789062,129.10000610351562,128.1699981689453,128.88999938964844,117.82219696044922,2374400
2017-09-28,128.82000732421875,129.1300048828125,128.66000366210938,129.10000610351562,118.01416015625,1484800
2017-09-29,129.02000427246094,129.55999755859375,129.00999450683594,129.52000427246094,118.39810180664062,1720600
2017-10-02,129.63999938964844,130.1999969482422,129.5500030517578,130.1999969482422,119.01968383789062,2678000
2017-10-03,130.30999755859375,130.5,130.1300048828125,130.4600067138672,119.25736999511719,1825100
2017-10-04,130.4499969482422,130.77999877929688,130.3000030517578,130.58999633789062,119.3761978149414,1495700
2017-10-05,130.72999572753906,131.33999633789062,130.72000122070312,131.27999877929688,120.00695037841797,2387200
2017-10-06,131.05999755859375,131.22999572753906,130.91000366210938,131.19000244140625,119.92465209960938,1635000
2017-10-09,131.3000030517578,131.36000061035156,130.75999450683594,130.92999267578125,119.68700408935547,1012100
2017-10-10,131.25,131.47999572753906,130.94000244140625,131.24000549316406,119.97040557861328,2915300
2017-10-11,131.24000549316406,131.42999267578125,131.10000610351562,131.4199981689453,120.13492584228516,2012700
2017-10-12,131.16000366210938,131.4499969482422,131.1199951171875,131.25999450683594,119.98867797851562,2171200
2017-10-13,131.5500030517578,131.58999633789062,131.27999877929688,131.36000061035156,120.08007049560547,1543900
2017-10-16,131.5,131.64999389648438,131.27000427246094,131.4499969482422,120.16236114501953,1789500
2017-10-17,131.5,131.57000732421875,131.33999633789062,131.50999450683594,120.21720886230469,1340600
2017-10-18,131.8000030517578,131.8300018310547,131.57000732421875,131.67999267578125,120.37258911132812,1470900
2017-10-19,131.25,131.7100067138672,130.94000244140625,131.7100067138672,120.40005493164062,1942600
2017-10-20,132.07000732421875,132.4499969482422,132.07000732421875,132.4199981689453,121.0490493774414,1751000
2017-10-23,132.6300048828125,132.67999267578125,131.7899932861328,131.86000061035156,120.5371322631836,1755700
2017-10-24,132.16000366210938,132.22999572753906,131.88999938964844,132.08999633789062,120.7474136352539,1574400
2017-10-25,131.91000366210938,131.9499969482422,130.69000244140625,131.39999389648438,120.11663055419922,2186500
2017-10-26,131.72000122070312,132.00999450683594,131.49000549316406,131.57000732421875,120.27204895019531,5396300
2017-10-27,131.94000244140625,132.6699981689453,131.75999450683594,132.63999938964844,121.25015258789062,2672600
2017-10-30,131.94000244140625,132.5399932861328,131.89999389648438,132.05999755859375,120.71995544433594,1688900
2017-10-31,132.27000427246094,132.5,132.1199951171875,132.3300018310547,120.96678161621094,2378300
2017-11-01,132.8300018310547,133.02999877929688,132.1699981689453,132.44000244140625,121.06734466552734,2275500
2017-11-02,132.33999633789062,132.52999877929688,131.82000732421875,132.47000122070312,121.09478759765625,5097200
2017-11-03,132.5399932861328,132.88999938964844,132.27999877929688,132.82000732421875,121.41472625732422,2677400
2017-11-06,132.77000427246094,133.1699981689453,132.75,133.07000732421875,121.64323425292969,2017700
2017-11-07,133.16000366210938,133.3300018310547,132.52999877929688,132.83999633789062,121.43297576904297,2527400
2017-11-08,132.72999572753906,133.1199951171875,132.5500030517578,133.05999755859375,121.63411712646484,1267700
2017-11-09,132.3800048828125,132.74000549316406,131.6199951171875,132.52000427246094,121.14045715332031,4320300
2017-11-10,132.24000549316406,132.6300048828125,132.1699981689453,132.5399932861328,121.15876770019531,2042100
2017-11-13,132.11000061035156,132.75,132.0800018310547,132.61000061035156,121.22274017333984,1876000
2017-11-14,132.22000122070312,132.4199981689453,131.7899932861328,132.3699951171875,121.00334930419922,3776500
2017-11-15,131.7899932861328,132.0800018310547,131.2100067138672,131.69000244140625,120.38174438476562,1772400
2017-11-16,132.11000061035156,133.10000610351562,132.11000061035156,132.88999938964844,121.47868347167969,1730600
2017-11-17,132.63999938964844,132.91000366210938,132.61000061035156,132.63999938964844,121.25015258789062,4850200
2017-11-20,132.82000732421875,133.0500030517578,132.67999267578125,132.97999572753906,121.56095123291016,1805700
2017-11-21,133.44000244140625,133.94000244140625,133.4199981689453,133.89999389648438,122.40196228027344,1956900
2017-11-22,133.94000244140625,134.0,133.69000244140625,133.8000030517578,122.31057739257812,1295600
2017-11-24,134.0800018310547,134.1300048828125,133.97999572753906,134.11000061035156,122.59395599365234,670500
2017-11-27,134.1199951171875,134.2899932861328,133.8699951171875,133.97000122070312,122.46597290039062,1754300
2017-11-28,134.25,135.36000061035156,134.13999938964844,135.3000030517578,123.68175506591797,2922900
2017-11-29,135.4600067138672,135.7899932861328,135.02000427246094,135.3000030517578,123.68175506591797,2066300
2017-11-30,135.8800048828125,136.9199981689453,135.77999877929688,136.33999633789062,124.6324462890625,2854400
2017-12-01,136.27999877929688,136.5,134.0399932861328,136.07000732421875,124.38563537597656,3585700
2017-12-04,137.0399932861328,137.3800048828125,135.8800048828125,135.88999938964844,124.22108459472656,3119400
2017-12-05,136.08999633789062,136.3300018310547,135.22999572753906,135.30999755859375,123.69090270996094,2583300
2017-12-06,135.33999633789062,135.4600067138672,135.0,135.22999572753906,123.6177749633789,2835600
2017-12-07,135.13999938964844,135.94000244140625,135.0800018310547,135.77000427246094,124.11141204833984,1537600
2017-12-08,136.3699951171875,136.52000427246094,136.07000732421875,136.47999572753906,124.76043701171875,1502600
2017-12-11,136.5,136.8300018310547,136.47999572753906,136.8000030517578,125.05294799804688,1934300
2017-12-12,136.97999572753906,137.25,136.80999755859375,136.9499969482422,125.19003295898438,1517200
2017-12-13,137.02999877929688,137.42999267578125,136.91000366210938,136.97000122070312,125.20833587646484,1858800
2017-12-14,137.22000122070312,137.24000549316406,136.27000427246094,136.3300018310547,124.62328338623047,1856100
2017-12-15,136.9499969482422,137.8300018310547,136.8699951171875,137.5500030517578,125.73854064941406,2293000
2017-12-18,138.25999450683594,138.67999267578125,138.25999450683594,138.5,126.60696411132812,2696300
2017-12-19,138.72000122070312,138.72000122070312,137.89999389648438,137.94000244140625,126.09506225585938,3642100
2017-12-20,138.5,138.5500030517578,137.67999267578125,137.92999267578125,126.08592987060547,2522200
2017-12-21,137.6199951171875,137.92999267578125,137.38999938964844,137.57000732421875,126.37342834472656,2111200
2017-12-22,137.63999938964844,137.86000061035156,137.19000244140625,137.52000427246094,126.3275146484375,1926000
2017-12-26,137.33999633789062,137.52000427246094,137.2899932861328,137.41000366210938,126.22642517089844,2051300
2017-12-27,137.5800018310547,137.72000122070312,137.33999633789062,137.4600067138672,126.27239990234375,2242400
2017-12-28,137.7899932861328,137.80999755859375,137.50999450683594,137.75999450683594,126.5479736328125,2936500
2017-12-29,138.0800018310547,138.10000610351562,137.14999389648438,137.25,126.07947540283203,2256500
2018-01-02,137.75,138.22999572753906,137.44000244140625,138.22000122070312,126.97055053710938,3699700
2018-01-03,138.38999938964844,139.10000610351562,138.3000030517578,139.02000427246094,127.7054214477539,3052300
2018-01-04,139.4199981689453,139.80999755859375,139.35000610351562,139.5500030517578,128.1922607421875,2572400
2018-01-05,140.02000427246094,140.44000244140625,139.72000122070312,140.3699951171875,128.94554138183594,2188500
2018-01-08,140.30999755859375,140.77000427246094,140.10000610351562,140.69000244140625,129.23947143554688,2655300
2018-01-09,140.9199981689453,141.30999755859375,140.7100067138672,140.9499969482422,129.47837829589844,2625200
2018-01-10,140.57000732421875,140.85000610351562,140.07000732421875,140.72999572753906,129.27622985839844,2014900
2018-01-11,141.0,141.9199981689453,140.97000122070312,141.9199981689453,130.36940002441406,2188000
2018-01-12,142.0800018310547,142.85000610351562,142.0,142.75,131.1318817138672,2661800
2018-01-16,143.52999877929688,143.82000732421875,141.7100067138672,142.1199951171875,130.55307006835938,3973400
2018-01-17,142.72000122070312,143.63999938964844,142.25,143.42999267578125,131.7565155029297,2756400
2018-01-18,143.4199981689453,143.5800018310547,142.89999389648438,143.17999267578125,131.52684020996094,2705800
2018-01-19,143.49000549316406,143.92999267578125,143.19000244140625,143.9199981689453,132.20660400390625,2119000
2018-01-22,143.83999633789062,145.05999755859375,143.83999633789062,145.05999755859375,133.2538299560547,2849900
2018-01-23,145.10000610351562,145.57000732421875,144.9199981689453,145.4199981689453,133.58450317382812,2261300
2018-01-24,145.85000610351562,146.11000061035156,144.6300048828125,145.27999877929688,133.45590209960938,3409300
2018-01-25,145.83999633789062,145.83999633789062,144.8699951171875,145.33999633789062,133.5110626220703,4234600
2018-01-26,145.82000732421875,146.8699951171875,145.6300048828125,146.86000061035156,134.90736389160156,1995900
2018-01-29,146.5800018310547,146.82000732421875,145.82000732421875,145.89999389648438,134.0254669189453,2688200
2018-01-30,144.74000549316406,145.14999389648438,144.14999389648438,144.3800048828125,132.6291961669922,4898200
2018-01-31,144.94000244140625,145.24000549316406,143.7899932861328,144.42999267578125,132.6751251220703,4670200
2018-02-01,143.97999572753906,145.02000427246094,143.83999633789062,144.3699951171875,132.62002563476562,2924800
2018-02-02,143.50999450683594,143.67999267578125,141.24000549316406,141.3000030517578,129.79986572265625,5323600
2018-02-05,140.2100067138672,141.39999389648438,135.14999389648438,135.74000549316406,124.6923599243164,10357400
2018-02-06,133.25999450683594,138.24000549316406,132.5,137.9600067138672,126.73170471191406,10791200
2018-02-07,137.8300018310547,139.55999755859375,137.35000610351562,137.35000610351562,126.17134094238281,6176300
2018-02-08,137.52999877929688,137.8000030517578,132.35000610351562,132.41000366210938,121.63340759277344,7683300
2018-02-09,133.89999389648438,135.2100067138672,129.83999633789062,134.22999572753906,123.3052749633789,9474000
2018-02-12,135.35000610351562,136.85000610351562,134.22999572753906,136.02000427246094,124.9495849609375,4251900
2018-02-13,135.33999633789062,136.6999969482422,135.00999450683594,136.4499969482422,125.34459686279297,2973000
2018-02-14,135.6199951171875,138.5500030517578,135.57000732421875,138.36000061035156,127.09911346435547,3076800
2018-02-15,139.3300018310547,140.0500030517578,137.9499969482422,140.0500030517578,128.651611328125,2853000
2018-02-16,139.67999267578125,141.22999572753906,139.6699981689453,140.11000061035156,128.70669555664062,2813100
2018-02-20,139.55999755859375,140.44000244140625,138.82000732421875,139.27000427246094,127.9350357055664,2490000
2018-02-21,139.4499969482422,140.9600067138672,138.61000061035156,138.6199951171875,127.33800506591797,2182200
2018-02-22,139.19000244140625,140.08999633789062,138.3800048828125,138.7100067138672,127.42063903808594,2111700
2018-02-23,139.4499969482422,140.86000061035156,139.13999938964844,140.86000061035156,129.39569091796875,1439500
2018-02-26,141.5,142.41000366210938,141.0399932861328,142.33999633789062,130.75521850585938,1765700
2018-02-27,142.41000366210938,142.86000061035156,140.5500030517578,140.5500030517578,129.1108856201172,2305100
2018-02-28,141.17999267578125,141.39999389648438,138.97000122070312,139.0,127.68704986572266,2290500
2018-03-01,139.07000732421875,139.8800048828125,136.39999389648438,137.35000610351562,126.17134094238281,4846700
2018-03-02,136.27999877929688,138.50999450683594,135.8300018310547,138.24000549316406,126.98892211914062,3021300
2018-03-05,137.5500030517578,140.14999389648438,137.5,139.8000030517578,128.42196655273438,2916600
2018-03-06,140.36000061035156,140.61000061035156,139.32000732421875,140.30999755859375,128.8904266357422,2788000
2018-03-07,139.0500030517578,140.61000061035156,138.97000122070312,140.42999267578125,129.0006866455078,2569100
2018-03-08,140.8300018310547,141.02999877929688,140.11000061035156,140.9600067138672,129.48757934570312,2307500
2018-03-09,141.7899932861328,143.3000030517578,141.5500030517578,143.3000030517578,131.6370849609375,2325100
2018-03-12,143.49000549316406,143.85000610351562,142.9600067138672,143.22000122070312,131.56356811523438,1999200
2018-03-13,143.86000061035156,144.13999938964844,142.00999450683594,142.3300018310547,130.7460174560547,2080500
2018-03-14,142.89999389648438,142.99000549316406,141.35000610351562,141.61000061035156,130.08460998535156,2103100
2018-03-15,141.9600067138672,142.22000122070312,141.11000061035156,141.4199981689453,129.9100799560547,1927900
2018-03-16,141.5800018310547,142.19000244140625,141.5800018310547,141.66000366210938,130.13055419921875,2641400
2018-03-19,141.16000366210938,141.39999389648438,138.86000061035156,139.83999633789062,128.45867919921875,3154300
2018-03-20,140.0,140.4199981689453,139.66000366210938,140.0500030517578,128.651611328125,1672000
2018-03-21,140.0500030517578,141.24000549316406,139.77999877929688,139.92999267578125,128.54135131835938,2106700
2018-03-22,138.14999389648438,138.61000061035156,135.85000610351562,135.9499969482422,125.39248657226562,3130600
2018-03-23,136.1300048828125,136.44000244140625,133.02999877929688,133.10000610351562,122.76383209228516,5697000
2018-03-26,135.08999633789062,136.72999572753906,133.75999450683594,136.61000061035156,126.00123596191406,3859500
2018-03-27,137.17999267578125,137.30999755859375,133.42999267578125,134.19000244140625,123.76915740966797,3309900
2018-03-28,134.36000061035156,135.19000244140625,133.22999572753906,133.8800048828125,123.48323059082031,4740000
2018-03-29,134.49000549316406,136.58999633789062,134.16000366210938,135.72000122070312,125.18035888671875,2346400
2018-04-02,135.2899932861328,135.57000732421875,131.25999450683594,132.6300048828125,122.33033752441406,5703700
2018-04-03,133.35000610351562,134.5399932861328,132.35000610351562,134.27999877929688,123.8521499633789,3737200
2018-04-04,132.19000244140625,136.10000610351562,132.10000610351562,135.7899932861328,125.24491119384766,2928000
2018-04-05,136.64999389648438,137.22999572753906,136.11000061035156,136.74000549316406,126.12116241455078,2683600
2018-04-06,135.72999572753906,136.5399932861328,132.9199981689453,133.8699951171875,123.47401428222656,4942600
2018-04-09,134.72000122070312,136.3000030517578,134.16000366210938,134.32000732421875,123.88904571533203,2239400
2018-04-10,136.0,136.97000122070312,135.4600067138672,136.5,125.89976501464844,2153900
2018-04-11,135.6699981689453,136.8300018310547,135.39999389648438,135.8699951171875,125.31868743896484,2063800
2018-04-12,136.72999572753906,137.52999877929688,136.50999450683594,136.97000122070312,126.33326721191406,1858700
2018-04-13,137.72000122070312,137.75,136.00999450683594,136.5800018310547,125.97358703613281,2192600
2018-04-16,137.5399932861328,138.14999389648438,136.97000122070312,137.72000122070312,127.02501678466797,2892600
2018-04-17,138.72999572753906,139.52999877929688,138.42999267578125,139.1699981689453,128.36245727539062,2219900
2018-04-18,139.5399932861328,139.85000610351562,139.08999633789062,139.36000061035156,128.53765869140625,1554400
2018-04-19,138.97999572753906,139.17999267578125,138.02000427246094,138.60000610351562,127.8366928100586,4003900
2018-04-20,138.55999755859375,138.6699981689453,137.02999877929688,137.5,126.82209014892578,1669600
2018-04-23,137.77999877929688,138.16000366210938,136.80999755859375,137.4499969482422,126.7760009765625,2033700
2018-04-24,138.10000610351562,138.19000244140625,134.86000061035156,135.8000030517578,125.25415802001953,3053500
2018-04-25,135.77000427246094,136.25,134.61000061035156,135.9499969482422,125.39248657226562,2275400
2018-04-26,136.52000427246094,137.67999267578125,136.25,137.24000549316406,126.58230590820312,1284600
2018-04-27,137.5399932861328,137.74000549316406,136.8000030517578,137.3300018310547,126.66532897949219,1133600
2018-04-30,137.69000244140625,137.99000549316406,136.25,136.3300018310547,125.74293518066406,2277100
2018-05-01,136.0399932861328,136.60000610351562,135.1199951171875,136.5399932861328,125.93667602539062,1762700
2018-05-02,136.4600067138672,136.97000122070312,135.5399932861328,135.75,125.20804595947266,1661600
2018-05-03,135.19000244140625,135.8000030517578,133.66000366210938,135.3800048828125,124.86676025390625,2638000
2018-05-04,134.97000122070312,137.55999755859375,134.63999938964844,137.1300048828125,126.48084259033203,2379400
2018-05-07,137.64999389648438,138.30999755859375,137.3800048828125,137.72999572753906,127.03426361083984,1448000
2018-05-08,137.58999633789062,138.00999450683594,136.97999572753906,137.77999877929688,127.08038330078125,1357400
2018-05-09,138.1999969482422,139.27000427246094,137.89999389648438,139.0800018310547,128.2794189453125,1451700
2018-05-10,139.50999450683594,140.5399932861328,139.44000244140625,140.2899932861328,129.3954620361328,1810100
2018-05-11,140.41000366210938,140.8699951171875,140.0500030517578,140.57000732421875,129.65370178222656,1199100
2018-05-14,140.94000244140625,141.3000030517578,140.38999938964844,140.63999938964844,129.71827697753906,1396900
2018-05-15,139.9499969482422,140.11000061035156,139.33999633789062,139.7899932861328,128.93426513671875,2279700
2018-05-16,139.85000610351562,140.75999450683594,139.85000610351562,140.47000122070312,129.5614776611328,1345900
2018-05-17,140.3800048828125,141.0399932861328,140.02000427246094,140.50999450683594,129.59837341308594,1658500
2018-05-18,140.36000061035156,140.50999450683594,139.97000122070312,140.1999969482422,129.3124237060547,910200
2018-05-21,141.05999755859375,141.52999877929688,140.83999633789062,141.25,130.28091430664062,1299600
2018-05-22,141.55999755859375,141.66000366210938,140.58999633789062,140.72999572753906,129.80128479003906,1213000
2018-05-23,140.08999633789062,141.10000610351562,140.0,141.10000610351562,130.14256286621094,1431800
2018-05-24,140.92999267578125,141.05999755859375,139.86000061035156,140.8699951171875,129.93040466308594,1405100
2018-05-25,140.60000610351562,140.91000366210938,140.27999877929688,140.60000610351562,129.68138122558594,1264500
2018-05-29,139.8000030517578,140.16000366210938,138.5399932861328,139.2100067138672,128.39930725097656,2695000
2018-05-30,139.97000122070312,141.30999755859375,139.91000366210938,141.00999450683594,130.05955505371094,1587000
2018-05-31,140.8800048828125,140.9499969482422,139.80999755859375,140.0399932861328,129.16485595703125,1700900
2018-06-01,140.92999267578125,141.64999389648438,140.75999450683594,141.5,130.51148986816406,1857800
2018-06-04,141.89999389648438,142.25999450683594,141.72999572753906,142.16000366210938,131.1202392578125,1592000
2018-06-05,142.25999450683594,142.52000427246094,141.8300018310547,142.3699951171875,131.31393432617188,2952100
2018-06-06,142.75,143.6300048828125,142.3800048828125,143.6300048828125,132.47604370117188,3011000
2018-06-07,143.80999755859375,144.0,142.89999389648438,143.4199981689453,132.28237915039062,1663400
2018-06-08,143.27000427246094,143.94000244140625,143.1199951171875,143.91000366210938,132.73435974121094,1084200
2018-06-11,144.0,144.47000122070312,143.97000122070312,144.1199951171875,132.92800903320312,1664500
2018-06-12,144.39999389648438,144.61000061035156,144.0,144.4199981689453,133.20468139648438,1582300
2018-06-13,144.5399932861328,144.66000366210938,143.8000030517578,143.8800048828125,132.70669555664062,1402000
2018-06-14,144.39999389648438,144.57000732421875,143.88999938964844,144.2899932861328,133.08480834960938,1809800
2018-06-15,143.85000610351562,144.3300018310547,143.22999572753906,144.14999389648438,132.95571899414062,3328300
2018-06-18,143.3000030517578,144.05999755859375,143.02999877929688,143.99000549316406,132.8081512451172,1603500
2018-06-19,142.75,143.6199951171875,142.39999389648438,143.50999450683594,132.3654022216797,1962500
2018-06-20,143.9499969482422,144.19000244140625,143.58999633789062,143.83999633789062,132.66978454589844,1468400
2018-06-21,143.8300018310547,143.85000610351562,142.55999755859375,142.85000610351562,131.75665283203125,1881300
2018-06-22,143.0,143.0800018310547,142.3699951171875,142.4499969482422,131.94471740722656,1226300
2018-06-25,141.85000610351562,141.99000549316406,139.5399932861328,140.4499969482422,130.0921630859375,4347700
2018-06-26,140.6999969482422,141.25,140.3000030517578,140.77000427246094,130.38856506347656,2085300
2018-06-27,141.1999969482422,141.88999938964844,139.4499969482422,139.4600067138672,129.17518615722656,2958800
2018-06-28,139.42999267578125,140.69000244140625,138.99000549316406,140.3300018310547,129.9810333251953,2490500
2018-06-29,140.89999389648438,141.66000366210938,140.38999938964844,140.42999267578125,130.07363891601562,1834000
2018-07-02,139.55999755859375,140.8800048828125,139.42999267578125,140.77000427246094,130.38856506347656,2825900
2018-07-03,141.36000061035156,141.47000122070312,140.22000122070312,140.41000366210938,130.05517578125,1325900
2018-07-05,141.1300048828125,141.6199951171875,140.4499969482422,141.60000610351562,131.15736389160156,2796400
2018-07-06,141.66000366210938,143.0,141.44000244140625,142.7899932861328,132.25961303710938,1756400
2018-07-09,143.4600067138672,144.11000061035156,143.13999938964844,144.08999633789062,133.46371459960938,2153000
2018-07-10,144.38999938964844,144.61000061035156,144.02999877929688,144.4600067138672,133.80645751953125,1437000
2018-07-11,143.6199951171875,144.10000610351562,143.10000610351562,143.42999267578125,132.8523712158203,2042300
2018-07-12,144.17999267578125,144.66000366210938,143.72000122070312,144.61000061035156,133.94540405273438,1440600
2018-07-13,144.52999877929688,144.97999572753906,144.25999450683594,144.6999969482422,134.0287628173828,1964700
2018-07-16,144.77000427246094,144.83999633789062,144.22000122070312,144.47000122070312,133.81570434570312,1571100
2018-07-17,144.02000427246094,145.3300018310547,144.00999450683594,145.1300048828125,134.4270477294922,1767100
2018-07-18,145.1300048828125,145.5,144.85000610351562,145.4499969482422,134.72341918945312,1327700
2018-07-19,145.07000732421875,145.4199981689453,144.60000610351562,145.10000610351562,134.39923095703125,2034200
2018-07-20,145.0,145.24000549316406,144.55999755859375,144.83999633789062,134.158447265625,1507800
2018-07-23,144.7899932861328,145.16000366210938,144.47000122070312,145.07000732421875,134.3714599609375,1444500
2018-07-24,145.77000427246094,146.08999633789062,144.89999389648438,145.38999938964844,134.66787719726562,2340000
2018-07-25,145.3000030517578,146.6699981689453,145.00999450683594,146.6300048828125,135.81642150878906,2125700
2018-07-26,146.22999572753906,146.74000549316406,146.0,146.38999938964844,135.59410095214844,2084600
2018-07-27,146.60000610351562,146.63999938964844,144.6300048828125,145.22000122070312,134.5103759765625,2535000
2018-07-30,145.22000122070312,145.33999633789062,144.05999755859375,144.27000427246094,133.6304931640625,5379700
2018-07-31,144.82000732421875,145.50999450683594,144.5399932861328,145.08999633789062,134.3899688720703,2003800
2018-08-01,145.19000244140625,145.52999877929688,144.49000549316406,144.9199981689453,134.23251342773438,1524100
2018-08-02,144.1699981689453,145.91000366210938,144.0800018310547,145.77999877929688,135.02911376953125,1508400
2018-08-03,145.88999938964844,146.2899932861328,145.75999450683594,146.27000427246094,135.4829559326172,1977100
2018-08-06,146.30999755859375,147.05999755859375,146.08999633789062,146.92999267578125,136.0942840576172,1802000
2018-08-07,146.30999755859375,147.6199951171875,146.30999755859375,147.41000366210938,136.53887939453125,2532500
2018-08-08,147.3300018310547,147.52999877929688,146.97999572753906,147.27000427246094,136.4092254638672,1270600
2018-08-09,147.3699951171875,147.67999267578125,147.07000732421875,147.1699981689453,136.3166046142578,1233800
2018-08-10,146.35000610351562,146.75999450683594,145.94000244140625,146.25,135.46446228027344,1854000
2018-08-13,146.39999389648438,146.75,145.4600067138672,145.69000244140625,134.94573974609375,1898200
2018-08-14,146.11000061035156,146.77999877929688,145.9199981689453,146.64999389648438,135.83494567871094,1784200
2018-08-15,145.8699951171875,146.02999877929688,144.63999938964844,145.49000549316406,134.760498046875,2684700
2018-08-16,146.27999877929688,147.14999389648438,146.25999450683594,146.6300048828125,135.81642150878906,1347500
2018-08-17,146.4499969482422,147.38999938964844,146.3000030517578,147.1699981689453,136.3166046142578,2188300
2018-08-20,147.4499969482422,147.69000244140625,147.16000366210938,147.4499969482422,136.57591247558594,5759800
2018-08-21,147.77999877929688,148.50999450683594,147.77999877929688,148.0,137.0853729248047,2090900
2018-08-22,147.7899932861328,148.2899932861328,147.7100067138672,148.0500030517578,137.13174438476562,1169600
2018-08-23,147.89999389648438,148.3699951171875,147.5800018310547,147.75999450683594,136.8630828857422,1351100
2018-08-24,148.14999389648438,148.75999450683594,148.10000610351562,148.67999267578125,137.71524047851562,1712700
2018-08-27,149.32000732421875,149.8699951171875,149.10000610351562,149.75,138.70631408691406,2126000
2018-08-28,150.10000610351562,150.1999969482422,149.52999877929688,149.83999633789062,138.78968811035156,3015300
2018-08-29,149.9600067138672,150.77000427246094,149.82000732421875,150.6300048828125,139.52145385742188,2688600
2018-08-30,150.30999755859375,150.60000610351562,149.6699981689453,150.00999450683594,138.94715881347656,2150400
2018-08-31,149.80999755859375,150.27999877929688,149.58999633789062,150.07000732421875,139.0027313232422,2537500
2018-09-04,149.88999938964844,150.10000610351562,149.22000122070312,149.86000061035156,138.80824279785156,2342700
2018-09-05,149.66000366210938,149.69000244140625,148.7100067138672,149.3699951171875,138.3543243408203,2772000
2018-09-06,149.4600067138672,149.69000244140625,148.36000061035156,148.9199981689453,137.93756103515625,2592200
2018-09-07,148.3699951171875,149.1699981689453,148.1300048828125,148.5800018310547,137.62261962890625,2334400
2018-09-10,149.1999969482422,149.3300018310547,148.7899932861328,148.89999389648438,137.91900634765625,2156000
2018-09-11,148.5500030517578,149.6199951171875,148.3300018310547,149.39999389648438,138.3821258544922,2575100
2018-09-12,149.30999755859375,149.63999938964844,148.7899932861328,149.41000366210938,138.39138793945312,2181100
2018-09-13,149.97000122070312,150.3300018310547,149.75,150.16000366210938,139.0861053466797,1905900
2018-09-14,150.27999877929688,150.47999572753906,149.7899932861328,150.27999877929688,139.19723510742188,1363900
2018-09-17,150.24000549316406,150.27999877929688,149.19000244140625,149.3300018310547,138.31729125976562,1661600
2018-09-18,149.42999267578125,150.44000244140625,149.39999389648438,150.1300048828125,139.05831909179688,1665400
2018-09-19,150.1199951171875,150.47999572753906,150.00999450683594,150.14999389648438,139.07679748535156,1809800
2018-09-20,150.8300018310547,151.47000122070312,150.52000427246094,151.30999755859375,140.1512908935547,1713900
2018-09-21,151.82000732421875,151.83999633789062,151.0500030517578,151.16000366210938,140.01234436035156,1986100
2018-09-24,150.8699951171875,150.92999267578125,150.27000427246094,150.61000061035156,139.5029296875,1668600
2018-09-25,150.88999938964844,151.07000732421875,150.4199981689453,150.52999877929688,139.42877197265625,2318900
2018-09-26,150.61000061035156,151.2899932861328,149.7899932861328,149.9499969482422,138.89158630371094,4903500
2018-09-27,150.24000549316406,150.9499969482422,150.0800018310547,150.3000030517578,139.21575927734375,1808300
2018-09-28,149.27999877929688,149.99000549316406,149.22999572753906,149.64999389648438,139.2753143310547,1797000
2018-10-01,150.4199981689453,150.77000427246094,149.52000427246094,149.8800048828125,139.48936462402344,2718800
2018-10-02,149.86000061035156,150.10000610351562,149.42999267578125,149.66000366210938,139.28465270996094,2159200
2018-10-03,150.25999450683594,150.49000549316406,149.64999389648438,149.86000061035156,139.47076416015625,2563900
2018-10-04,149.5800018310547,149.61000061035156,147.7100067138672,148.58999633789062,138.288818359375,3220800
2018-10-05,148.6199951171875,148.9499969482422,146.72999572753906,147.6300048828125,137.3953857421875,3197900
2018-10-08,147.27999877929688,147.75999450683594,146.36000061035156,147.52000427246094,137.29299926757812,2515600
2018-10-09,147.25,148.02000427246094,147.02000427246094,147.25999450683594,137.0509796142578,3690600
2018-10-10,146.92999267578125,146.9499969482422,142.41000366210938,142.57000732421875,132.6862030029297,6890300
2018-10-11,142.02000427246094,142.97000122070312,138.75,139.52999877929688,129.85690307617188,11707900
2018-10-12,142.0,142.32000732421875,139.49000549316406,141.3699951171875,131.56935119628906,7981200
2018-10-15,141.16000366210938,141.97999572753906,140.5,140.74000549316406,130.9830322265625,3386400
2018-10-16,141.75,144.05999755859375,141.36000061035156,143.83999633789062,133.86810302734375,3990400
2018-10-17,143.91000366210938,144.14999389648438,142.3300018310547,143.8000030517578,133.8308563232422,3148300
2018-10-18,143.30999755859375,143.61000061035156,141.0,141.72000122070312,131.8950653076172,3783800
2018-10-19,142.13999938964844,143.07000732421875,141.00999450683594,141.35000610351562,131.5507354736328,2997700
2018-10-22,141.72999572753906,141.94000244140625,140.4199981689453,140.7899932861328,131.029541015625,3220600
2018-10-23,138.69000244140625,140.6699981689453,137.4600067138672,139.9600067138672,130.25709533691406,4981600
2018-10-24,139.88999938964844,140.08999633789062,135.39999389648438,135.61000061035156,126.20865631103516,6013700
2018-10-25,136.6300048828125,138.9600067138672,136.1699981689453,138.16000366210938,128.5818328857422,4886000
2018-10-26,136.1199951171875,137.52999877929688,134.1699981689453,135.77000427246094,126.35757446289062,6623500
2018-10-29,137.50999450683594,138.3300018310547,133.07000732421875,135.02000427246094,125.65959167480469,5167200
2018-10-30,134.9600067138672,137.2899932861328,134.61000061035156,137.1300048828125,127.6232681274414,3675500
2018-10-31,138.60000610351562,139.83999633789062,138.3699951171875,138.55999755859375,128.9541473388672,4034500
2018-11-01,139.0399932861328,140.3699951171875,138.52000427246094,140.1300048828125,130.4153289794922,3713900
2018-11-02,140.92999267578125,141.1999969482422,138.38999938964844,139.55999755859375,129.88482666015625,3171400
2018-11-05,139.8000030517578,140.52000427246094,139.19000244140625,140.24000549316406,130.51773071289062,3140200
2018-11-06,140.19000244140625,141.11000061035156,140.1699981689453,141.0399932861328,131.26222229003906,2029700
2018-11-07,142.3000030517578,144.0,141.97000122070312,143.9199981689453,133.9425811767578,2781200
2018-11-08,143.5500030517578,144.05999755859375,142.97999572753906,143.63999938964844,133.6819610595703,1874800
2018-11-09,142.91000366210938,142.9600067138672,141.2899932861328,142.1699981689453,132.31390380859375,2226900
2018-11-12,141.7899932861328,141.97000122070312,139.17999267578125,139.44000244140625,129.7731170654297,3530700
2018-11-13,139.77000427246094,140.9199981689453,138.82000732421875,139.24000549316406,129.58700561523438,2290500
2018-11-14,140.33999633789062,140.57000732421875,137.3800048828125,138.22000122070312,128.63772583007812,2766000
2018-11-15,137.5500030517578,140.00999450683594,136.6999969482422,139.77999877929688,130.0895538330078,3600900
2018-11-16,139.07000732421875,140.57000732421875,138.82000732421875,140.0800018310547,130.3687744140625,2272300
2018-11-19,139.8300018310547,139.92999267578125,137.1699981689453,137.64999389648438,128.10723876953125,3481800
2018-11-20,135.72999572753906,136.6199951171875,134.63999938964844,135.1999969482422,125.82708740234375,4627200
2018-11-21,136.0,136.88999938964844,135.75,135.86000061035156,126.44134521484375,4151300
2018-11-23,134.9199981689453,135.9199981689453,134.72999572753906,135.1300048828125,125.76195526123047,1300000
