AdjClose_Lag1,Diff_HighLow_Lag1,Diff_OpenClose_Lag1,Volume_Lag1,AdjClose_Lag2,Diff_HighLow_Lag2,Diff_OpenClose_Lag2,Volume_Lag2,AdjClose_Lag3,Diff_HighLow_Lag3,Diff_OpenClose_Lag3,Volume_Lag3,AdjClose_Lag4,Diff_HighLow_Lag4,Diff_OpenClose_Lag4,Volume_Lag4,AdjClose_Lag5,Diff_HighLow_Lag5,Diff_OpenClose_Lag5,Volume_Lag5,AdjClose_Lag6,Diff_HighLow_Lag6,Diff_OpenClose_Lag6,Volume_Lag6,AdjClose_Lag7,Diff_HighLow_Lag7,Diff_OpenClose_Lag7,Volume_Lag7
117.38921356201172,0.25,0.089996337890625,1241700.0,117.33460235595705,0.410003662109375,-0.05999755859375,1792300.0,117.0524444580078,0.4199981689453125,-0.290008544921875,1531300.0,116.833984375,0.4099884033203125,-0.1300048828125,1493200.0,116.87037658691406,0.290008544921875,-0.1699981689453125,1692500.0,116.81578826904295,0.339996337890625,-0.3000030517578125,2264200.0,116.36978149414062,0.7600021362304688,-0.6999969482421875,1346500.0
117.5803451538086,0.6100006103515625,-0.079986572265625,1729200.0,117.38921356201172,0.25,0.089996337890625,1241700.0,117.33460235595705,0.410003662109375,-0.05999755859375,1792300.0,117.0524444580078,0.4199981689453125,-0.290008544921875,1531300.0,116.833984375,0.4099884033203125,-0.1300048828125,1493200.0,116.87037658691406,0.290008544921875,-0.1699981689453125,1692500.0,116.81578826904295,0.339996337890625,-0.3000030517578125,2264200.0
117.25267791748048,0.410003662109375,0.29998779296875,1730600.0,117.5803451538086,0.6100006103515625,-0.079986572265625,1729200.0,117.38921356201172,0.25,0.089996337890625,1241700.0,117.33460235595705,0.410003662109375,-0.05999755859375,1792300.0,117.0524444580078,0.4199981689453125,-0.290008544921875,1531300.0,116.833984375,0.4099884033203125,-0.1300048828125,1493200.0,116.87037658691406,0.290008544921875,-0.1699981689453125,1692500.0
117.3468246459961,0.45000457763673296,-0.2299957275390625,1601600.0,117.25267791748048,0.410003662109375,0.29998779296875,1730600.0,117.5803451538086,0.6100006103515625,-0.079986572265625,1729200.0,117.38921356201172,0.25,0.089996337890625,1241700.0,117.33460235595705,0.410003662109375,-0.05999755859375,1792300.0,117.0524444580078,0.4199981689453125,-0.290008544921875,1531300.0,116.833984375,0.4099884033203125,-0.1300048828125,1493200.0
117.15486907958984,0.7399902343750142,0.0800018310546875,2186000.0,117.3468246459961,0.45000457763673296,-0.2299957275390625,1601600.0,117.25267791748048,0.410003662109375,0.29998779296875,1730600.0,117.5803451538086,0.6100006103515625,-0.079986572265625,1729200.0,117.38921356201172,0.25,0.089996337890625,1241700.0,117.33460235595705,0.410003662109375,-0.05999755859375,1792300.0,117.0524444580078,0.4199981689453125,-0.290008544921875,1531300.0
117.18228912353516,0.399993896484375,0.160003662109375,1851500.0,117.15486907958984,0.7399902343750142,0.0800018310546875,2186000.0,117.3468246459961,0.45000457763673296,-0.2299957275390625,1601600.0,117.25267791748048,0.410003662109375,0.29998779296875,1730600.0,117.5803451538086,0.6100006103515625,-0.079986572265625,1729200.0,117.38921356201172,0.25,0.089996337890625,1241700.0,117.33460235595705,0.410003662109375,-0.05999755859375,1792300.0
117.82219696044922,0.9300079345703125,-0.0500030517578125,2374400.0,117.18228912353516,0.399993896484375,0.160003662109375,1851500.0,117.15486907958984,0.7399902343750142,0.0800018310546875,2186000.0,117.3468246459961,0.45000457763673296,-0.2299957275390625,1601600.0,117.25267791748048,0.410003662109375,0.29998779296875,1730600.0,117.5803451538086,0.6100006103515625,-0.079986572265625,1729200.0,117.38921356201172,0.25,0.089996337890625,1241700.0
118.01416015625,0.470001220703125,-0.279998779296875,1484800.0,117.82219696044922,0.9300079345703125,-0.0500030517578125,2374400.0,117.18228912353516,0.399993896484375,0.160003662109375,1851500.0,117.15486907958984,0.7399902343750142,0.0800018310546875,2186000.0,117.3468246459961,0.45000457763673296,-0.2299957275390625,1601600.0,117.25267791748048,0.410003662109375,0.29998779296875,1730600.0,117.5803451538086,0.6100006103515625,-0.079986572265625,1729200.0
118.39810180664062,0.5500030517578125,-0.5,1720600.0,118.01416015625,0.470001220703125,-0.279998779296875,1484800.0,117.82219696044922,0.9300079345703125,-0.0500030517578125,2374400.0,117.18228912353516,0.399993896484375,0.160003662109375,1851500.0,117.15486907958984,0.7399902343750142,0.0800018310546875,2186000.0,117.3468246459961,0.45000457763673296,-0.2299957275390625,1601600.0,117.25267791748048,0.410003662109375,0.29998779296875,1730600.0
119.01968383789062,0.649993896484375,-0.55999755859375,2678000.0,118.39810180664062,0.5500030517578125,-0.5,1720600.0,118.01416015625,0.470001220703125,-0.279998779296875,1484800.0,117.82219696044922,0.9300079345703125,-0.0500030517578125,2374400.0,117.18228912353516,0.399993896484375,0.160003662109375,1851500.0,117.15486907958984,0.7399902343750142,0.0800018310546875,2186000.0,117.3468246459961,0.45000457763673296,-0.2299957275390625,1601600.0
119.2573699951172,0.3699951171875,-0.1500091552734375,1825100.0,119.01968383789062,0.649993896484375,-0.55999755859375,2678000.0,118.39810180664062,0.5500030517578125,-0.5,1720600.0,118.01416015625,0.470001220703125,-0.279998779296875,1484800.0,117.82219696044922,0.9300079345703125,-0.0500030517578125,2374400.0,117.18228912353516,0.399993896484375,0.160003662109375,1851500.0,117.15486907958984,0.7399902343750142,0.0800018310546875,2186000.0
119.3761978149414,0.4799957275390625,-0.1399993896484375,1495700.0,119.2573699951172,0.3699951171875,-0.1500091552734375,1825100.0,119.01968383789062,0.649993896484375,-0.55999755859375,2678000.0,118.39810180664062,0.5500030517578125,-0.5,1720600.0,118.01416015625,0.470001220703125,-0.279998779296875,1484800.0,117.82219696044922,0.9300079345703125,-0.0500030517578125,2374400.0,117.18228912353516,0.399993896484375,0.160003662109375,1851500.0
120.00695037841795,0.6199951171875,-0.5500030517578125,2387200.0,119.3761978149414,0.4799957275390625,-0.1399993896484375,1495700.0,119.2573699951172,0.3699951171875,-0.1500091552734375,1825100.0,119.01968383789062,0.649993896484375,-0.55999755859375,2678000.0,118.39810180664062,0.5500030517578125,-0.5,1720600.0,118.01416015625,0.470001220703125,-0.279998779296875,1484800.0,117.82219696044922,0.9300079345703125,-0.0500030517578125,2374400.0
119.92465209960938,0.3199920654296875,-0.1300048828125,1635000.0,120.00695037841795,0.6199951171875,-0.5500030517578125,2387200.0,119.3761978149414,0.4799957275390625,-0.1399993896484375,1495700.0,119.2573699951172,0.3699951171875,-0.1500091552734375,1825100.0,119.01968383789062,0.649993896484375,-0.55999755859375,2678000.0,118.39810180664062,0.5500030517578125,-0.5,1720600.0,118.01416015625,0.470001220703125,-0.279998779296875,1484800.0
119.68700408935548,0.600006103515625,0.3700103759765625,1012100.0,119.92465209960938,0.3199920654296875,-0.1300048828125,1635000.0,120.00695037841795,0.6199951171875,-0.5500030517578125,2387200.0,119.3761978149414,0.4799957275390625,-0.1399993896484375,1495700.0,119.2573699951172,0.3699951171875,-0.1500091552734375,1825100.0,119.01968383789062,0.649993896484375,-0.55999755859375,2678000.0,118.39810180664062,0.5500030517578125,-0.5,1720600.0
119.97040557861328,0.5399932861328125,0.0099945068359375,2915300.0,119.68700408935548,0.600006103515625,0.3700103759765625,1012100.0,119.92465209960938,0.3199920654296875,-0.1300048828125,1635000.0,120.00695037841795,0.6199951171875,-0.5500030517578125,2387200.0,119.3761978149414,0.4799957275390625,-0.1399993896484375,1495700.0,119.2573699951172,0.3699951171875,-0.1500091552734375,1825100.0,119.01968383789062,0.649993896484375,-0.55999755859375,2678000.0
120.13492584228516,0.329986572265625,-0.17999267578125,2012700.0,119.97040557861328,0.5399932861328125,0.0099945068359375,2915300.0,119.68700408935548,0.600006103515625,0.3700103759765625,1012100.0,119.92465209960938,0.3199920654296875,-0.1300048828125,1635000.0,120.00695037841795,0.6199951171875,-0.5500030517578125,2387200.0,119.3761978149414,0.4799957275390625,-0.1399993896484375,1495700.0,119.2573699951172,0.3699951171875,-0.1500091552734375,1825100.0
119.98867797851562,0.3300018310546875,-0.0999908447265625,2171200.0,120.13492584228516,0.329986572265625,-0.17999267578125,2012700.0,119.97040557861328,0.5399932861328125,0.0099945068359375,2915300.0,119.68700408935548,0.600006103515625,0.3700103759765625,1012100.0,119.92465209960938,0.3199920654296875,-0.1300048828125,1635000.0,120.00695037841795,0.6199951171875,-0.5500030517578125,2387200.0,119.3761978149414,0.4799957275390625,-0.1399993896484375,1495700.0
120.08007049560548,0.30999755859375,0.19000244140625,1543900.0,119.98867797851562,0.3300018310546875,-0.0999908447265625,2171200.0,120.13492584228516,0.329986572265625,-0.17999267578125,2012700.0,119.97040557861328,0.5399932861328125,0.0099945068359375,2915300.0,119.68700408935548,0.600006103515625,0.3700103759765625,1012100.0,119.92465209960938,0.3199920654296875,-0.1300048828125,1635000.0,120.00695037841795,0.6199951171875,-0.5500030517578125,2387200.0
120.16236114501952,0.3799896240234375,0.0500030517578125,1789500.0,120.08007049560548,0.30999755859375,0.19000244140625,1543900.0,119.98867797851562,0.3300018310546875,-0.0999908447265625,2171200.0,120.13492584228516,0.329986572265625,-0.17999267578125,2012700.0,119.97040557861328,0.5399932861328125,0.0099945068359375,2915300.0,119.68700408935548,0.600006103515625,0.3700103759765625,1012100.0,119.92465209960938,0.3199920654296875,-0.1300048828125,1635000.0
120.21720886230467,0.230010986328125,-0.0099945068359375,1340600.0,120.16236114501952,0.3799896240234375,0.0500030517578125,1789500.0,120.08007049560548,0.30999755859375,0.19000244140625,1543900.0,119.98867797851562,0.3300018310546875,-0.0999908447265625,2171200.0,120.13492584228516,0.329986572265625,-0.17999267578125,2012700.0,119.97040557861328,0.5399932861328125,0.0099945068359375,2915300.0,119.68700408935548,0.600006103515625,0.3700103759765625,1012100.0
120.37258911132812,0.2599945068359375,0.1200103759765625,1470900.0,120.21720886230467,0.230010986328125,-0.0099945068359375,1340600.0,120.16236114501952,0.3799896240234375,0.0500030517578125,1789500.0,120.08007049560548,0.30999755859375,0.19000244140625,1543900.0,119.98867797851562,0.3300018310546875,-0.0999908447265625,2171200.0,120.13492584228516,0.329986572265625,-0.17999267578125,2012700.0,119.97040557861328,0.5399932861328125,0.0099945068359375,2915300.0
120.40005493164062,0.7700042724609375,-0.4600067138671875,1942600.0,120.37258911132812,0.2599945068359375,0.1200103759765625,1470900.0,120.21720886230467,0.230010986328125,-0.0099945068359375,1340600.0,120.16236114501952,0.3799896240234375,0.0500030517578125,1789500.0,120.08007049560548,0.30999755859375,0.19000244140625,1543900.0,119.98867797851562,0.3300018310546875,-0.0999908447265625,2171200.0,120.13492584228516,0.329986572265625,-0.17999267578125,2012700.0
121.0490493774414,0.3799896240234375,-0.3499908447265625,1751000.0,120.40005493164062,0.7700042724609375,-0.4600067138671875,1942600.0,120.37258911132812,0.2599945068359375,0.1200103759765625,1470900.0,120.21720886230467,0.230010986328125,-0.0099945068359375,1340600.0,120.16236114501952,0.3799896240234375,0.0500030517578125,1789500.0,120.08007049560548,0.30999755859375,0.19000244140625,1543900.0,119.98867797851562,0.3300018310546875,-0.0999908447265625,2171200.0
120.5371322631836,0.8899993896484375,0.7700042724609375,1755700.0,121.0490493774414,0.3799896240234375,-0.3499908447265625,1751000.0,120.40005493164062,0.7700042724609375,-0.4600067138671875,1942600.0,120.37258911132812,0.2599945068359375,0.1200103759765625,1470900.0,120.21720886230467,0.230010986328125,-0.0099945068359375,1340600.0,120.16236114501952,0.3799896240234375,0.0500030517578125,1789500.0,120.08007049560548,0.30999755859375,0.19000244140625,1543900.0
120.7474136352539,0.339996337890625,0.07000732421875,1574400.0,120.5371322631836,0.8899993896484375,0.7700042724609375,1755700.0,121.0490493774414,0.3799896240234375,-0.3499908447265625,1751000.0,120.40005493164062,0.7700042724609375,-0.4600067138671875,1942600.0,120.37258911132812,0.2599945068359375,0.1200103759765625,1470900.0,120.21720886230467,0.230010986328125,-0.0099945068359375,1340600.0,120.16236114501952,0.3799896240234375,0.0500030517578125,1789500.0
120.11663055419922,1.2599945068359375,0.510009765625,2186500.0,120.7474136352539,0.339996337890625,0.07000732421875,1574400.0,120.5371322631836,0.8899993896484375,0.7700042724609375,1755700.0,121.0490493774414,0.3799896240234375,-0.3499908447265625,1751000.0,120.40005493164062,0.7700042724609375,-0.4600067138671875,1942600.0,120.37258911132812,0.2599945068359375,0.1200103759765625,1470900.0,120.21720886230467,0.230010986328125,-0.0099945068359375,1340600.0
120.27204895019533,0.519989013671875,0.149993896484375,5396300.0,120.11663055419922,1.2599945068359375,0.510009765625,2186500.0,120.7474136352539,0.339996337890625,0.07000732421875,1574400.0,120.5371322631836,0.8899993896484375,0.7700042724609375,1755700.0,121.0490493774414,0.3799896240234375,-0.3499908447265625,1751000.0,120.40005493164062,0.7700042724609375,-0.4600067138671875,1942600.0,120.37258911132812,0.2599945068359375,0.1200103759765625,1470900.0
121.25015258789062,0.910003662109375,-0.6999969482421875,2672600.0,120.27204895019533,0.519989013671875,0.149993896484375,5396300.0,120.11663055419922,1.2599945068359375,0.510009765625,2186500.0,120.7474136352539,0.339996337890625,0.07000732421875,1574400.0,120.5371322631836,0.8899993896484375,0.7700042724609375,1755700.0,121.0490493774414,0.3799896240234375,-0.3499908447265625,1751000.0,120.40005493164062,0.7700042724609375,-0.4600067138671875,1942600.0
120.71995544433594,0.6399993896484375,-0.1199951171875,1688900.0,121.25015258789062,0.910003662109375,-0.6999969482421875,2672600.0,120.27204895019533,0.519989013671875,0.149993896484375,5396300.0,120.11663055419922,1.2599945068359375,0.510009765625,2186500.0,120.7474136352539,0.339996337890625,0.07000732421875,1574400.0,120.5371322631836,0.8899993896484375,0.7700042724609375,1755700.0,121.0490493774414,0.3799896240234375,-0.3499908447265625,1751000.0
120.96678161621094,0.3800048828125,-0.05999755859375,2378300.0,120.71995544433594,0.6399993896484375,-0.1199951171875,1688900.0,121.25015258789062,0.910003662109375,-0.6999969482421875,2672600.0,120.27204895019533,0.519989013671875,0.149993896484375,5396300.0,120.11663055419922,1.2599945068359375,0.510009765625,2186500.0,120.7474136352539,0.339996337890625,0.07000732421875,1574400.0,120.5371322631836,0.8899993896484375,0.7700042724609375,1755700.0
121.06734466552734,0.8600006103515625,0.3899993896484375,2275500.0,120.96678161621094,0.3800048828125,-0.05999755859375,2378300.0,120.71995544433594,0.6399993896484375,-0.1199951171875,1688900.0,121.25015258789062,0.910003662109375,-0.6999969482421875,2672600.0,120.27204895019533,0.519989013671875,0.149993896484375,5396300.0,120.11663055419922,1.2599945068359375,0.510009765625,2186500.0,120.7474136352539,0.339996337890625,0.07000732421875,1574400.0
121.09478759765624,0.709991455078125,-0.1300048828125,5097200.0,121.06734466552734,0.8600006103515625,0.3899993896484375,2275500.0,120.96678161621094,0.3800048828125,-0.05999755859375,2378300.0,120.71995544433594,0.6399993896484375,-0.1199951171875,1688900.0,121.25015258789062,0.910003662109375,-0.6999969482421875,2672600.0,120.27204895019533,0.519989013671875,0.149993896484375,5396300.0,120.11663055419922,1.2599945068359375,0.510009765625,2186500.0
121.41472625732422,0.6100006103515625,-0.2800140380859375,2677400.0,121.09478759765624,0.709991455078125,-0.1300048828125,5097200.0,121.06734466552734,0.8600006103515625,0.3899993896484375,2275500.0,120.96678161621094,0.3800048828125,-0.05999755859375,2378300.0,120.71995544433594,0.6399993896484375,-0.1199951171875,1688900.0,121.25015258789062,0.910003662109375,-0.6999969482421875,2672600.0,120.27204895019533,0.519989013671875,0.149993896484375,5396300.0
121.64323425292967,0.4199981689453125,-0.3000030517578125,2017700.0,121.41472625732422,0.6100006103515625,-0.2800140380859375,2677400.0,121.09478759765624,0.709991455078125,-0.1300048828125,5097200.0,121.06734466552734,0.8600006103515625,0.3899993896484375,2275500.0,120.96678161621094,0.3800048828125,-0.05999755859375,2378300.0,120.71995544433594,0.6399993896484375,-0.1199951171875,1688900.0,121.25015258789062,0.910003662109375,-0.6999969482421875,2672600.0
121.43297576904295,0.8000030517578125,0.32000732421875,2527400.0,121.64323425292967,0.4199981689453125,-0.3000030517578125,2017700.0,121.41472625732422,0.6100006103515625,-0.2800140380859375,2677400.0,121.09478759765624,0.709991455078125,-0.1300048828125,5097200.0,121.06734466552734,0.8600006103515625,0.3899993896484375,2275500.0,120.96678161621094,0.3800048828125,-0.05999755859375,2378300.0,120.71995544433594,0.6399993896484375,-0.1199951171875,1688900.0
121.63411712646484,0.5699920654296875,-0.3300018310546875,1267700.0,121.43297576904295,0.8000030517578125,0.32000732421875,2527400.0,121.64323425292967,0.4199981689453125,-0.3000030517578125,2017700.0,121.41472625732422,0.6100006103515625,-0.2800140380859375,2677400.0,121.09478759765624,0.709991455078125,-0.1300048828125,5097200.0,121.06734466552734,0.8600006103515625,0.3899993896484375,2275500.0,120.96678161621094,0.3800048828125,-0.05999755859375,2378300.0
121.14045715332033,1.1200103759765625,-0.1399993896484375,4320300.0,121.63411712646484,0.5699920654296875,-0.3300018310546875,1267700.0,121.43297576904295,0.8000030517578125,0.32000732421875,2527400.0,121.64323425292967,0.4199981689453125,-0.3000030517578125,2017700.0,121.41472625732422,0.6100006103515625,-0.2800140380859375,2677400.0,121.09478759765624,0.709991455078125,-0.1300048828125,5097200.0,121.06734466552734,0.8600006103515625,0.3899993896484375,2275500.0
121.15876770019533,0.4600067138671875,-0.29998779296875,2042100.0,121.14045715332033,1.1200103759765625,-0.1399993896484375,4320300.0,121.63411712646484,0.5699920654296875,-0.3300018310546875,1267700.0,121.43297576904295,0.8000030517578125,0.32000732421875,2527400.0,121.64323425292967,0.4199981689453125,-0.3000030517578125,2017700.0,121.41472625732422,0.6100006103515625,-0.2800140380859375,2677400.0,121.09478759765624,0.709991455078125,-0.1300048828125,5097200.0
121.22274017333984,0.6699981689453125,-0.5,1876000.0,121.15876770019533,0.4600067138671875,-0.29998779296875,2042100.0,121.14045715332033,1.1200103759765625,-0.1399993896484375,4320300.0,121.63411712646484,0.5699920654296875,-0.3300018310546875,1267700.0,121.43297576904295,0.8000030517578125,0.32000732421875,2527400.0,121.64323425292967,0.4199981689453125,-0.3000030517578125,2017700.0,121.41472625732422,0.6100006103515625,-0.2800140380859375,2677400.0
121.00334930419922,0.6300048828125,-0.149993896484375,3776500.0,121.22274017333984,0.6699981689453125,-0.5,1876000.0,121.15876770019533,0.4600067138671875,-0.29998779296875,2042100.0,121.14045715332033,1.1200103759765625,-0.1399993896484375,4320300.0,121.63411712646484,0.5699920654296875,-0.3300018310546875,1267700.0,121.43297576904295,0.8000030517578125,0.32000732421875,2527400.0,121.64323425292967,0.4199981689453125,-0.3000030517578125,2017700.0
120.38174438476562,0.8699951171875,0.0999908447265625,1772400.0,121.00334930419922,0.6300048828125,-0.149993896484375,3776500.0,121.22274017333984,0.6699981689453125,-0.5,1876000.0,121.15876770019533,0.4600067138671875,-0.29998779296875,2042100.0,121.14045715332033,1.1200103759765625,-0.1399993896484375,4320300.0,121.63411712646484,0.5699920654296875,-0.3300018310546875,1267700.0,121.43297576904295,0.8000030517578125,0.32000732421875,2527400.0
121.47868347167967,0.9900054931640625,-0.779998779296875,1730600.0,120.38174438476562,0.8699951171875,0.0999908447265625,1772400.0,121.00334930419922,0.6300048828125,-0.149993896484375,3776500.0,121.22274017333984,0.6699981689453125,-0.5,1876000.0,121.15876770019533,0.4600067138671875,-0.29998779296875,2042100.0,121.14045715332033,1.1200103759765625,-0.1399993896484375,4320300.0,121.63411712646484,0.5699920654296875,-0.3300018310546875,1267700.0
121.25015258789062,0.3000030517578125,0.0,4850200.0,121.47868347167967,0.9900054931640625,-0.779998779296875,1730600.0,120.38174438476562,0.8699951171875,0.0999908447265625,1772400.0,121.00334930419922,0.6300048828125,-0.149993896484375,3776500.0,121.22274017333984,0.6699981689453125,-0.5,1876000.0,121.15876770019533,0.4600067138671875,-0.29998779296875,2042100.0,121.14045715332033,1.1200103759765625,-0.1399993896484375,4320300.0
121.56095123291016,0.3700103759765625,-0.1599884033203125,1805700.0,121.25015258789062,0.3000030517578125,0.0,4850200.0,121.47868347167967,0.9900054931640625,-0.779998779296875,1730600.0,120.38174438476562,0.8699951171875,0.0999908447265625,1772400.0,121.00334930419922,0.6300048828125,-0.149993896484375,3776500.0,121.22274017333984,0.6699981689453125,-0.5,1876000.0,121.15876770019533,0.4600067138671875,-0.29998779296875,2042100.0
122.40196228027344,0.5200042724609375,-0.459991455078125,1956900.0,121.56095123291016,0.3700103759765625,-0.1599884033203125,1805700.0,121.25015258789062,0.3000030517578125,0.0,4850200.0,121.47868347167967,0.9900054931640625,-0.779998779296875,1730600.0,120.38174438476562,0.8699951171875,0.0999908447265625,1772400.0,121.00334930419922,0.6300048828125,-0.149993896484375,3776500.0,121.22274017333984,0.6699981689453125,-0.5,1876000.0
122.31057739257812,0.30999755859375,0.1399993896484375,1295600.0,122.40196228027344,0.5200042724609375,-0.459991455078125,1956900.0,121.56095123291016,0.3700103759765625,-0.1599884033203125,1805700.0,121.25015258789062,0.3000030517578125,0.0,4850200.0,121.47868347167967,0.9900054931640625,-0.779998779296875,1730600.0,120.38174438476562,0.8699951171875,0.0999908447265625,1772400.0,121.00334930419922,0.6300048828125,-0.149993896484375,3776500.0
122.59395599365234,0.1500091552734375,-0.029998779296875,670500.0,122.31057739257812,0.30999755859375,0.1399993896484375,1295600.0,122.40196228027344,0.5200042724609375,-0.459991455078125,1956900.0,121.56095123291016,0.3700103759765625,-0.1599884033203125,1805700.0,121.25015258789062,0.3000030517578125,0.0,4850200.0,121.47868347167967,0.9900054931640625,-0.779998779296875,1730600.0,120.38174438476562,0.8699951171875,0.0999908447265625,1772400.0
122.46597290039062,0.4199981689453125,0.149993896484375,1754300.0,122.59395599365234,0.1500091552734375,-0.029998779296875,670500.0,122.31057739257812,0.30999755859375,0.1399993896484375,1295600.0,122.40196228027344,0.5200042724609375,-0.459991455078125,1956900.0,121.56095123291016,0.3700103759765625,-0.1599884033203125,1805700.0,121.25015258789062,0.3000030517578125,0.0,4850200.0,121.47868347167967,0.9900054931640625,-0.779998779296875,1730600.0
123.68175506591795,1.220001220703125,-1.0500030517578125,2922900.0,122.46597290039062,0.4199981689453125,0.149993896484375,1754300.0,122.59395599365234,0.1500091552734375,-0.029998779296875,670500.0,122.31057739257812,0.30999755859375,0.1399993896484375,1295600.0,122.40196228027344,0.5200042724609375,-0.459991455078125,1956900.0,121.56095123291016,0.3700103759765625,-0.1599884033203125,1805700.0,121.25015258789062,0.3000030517578125,0.0,4850200.0
123.68175506591795,0.769989013671875,0.160003662109375,2066300.0,123.68175506591795,1.220001220703125,-1.0500030517578125,2922900.0,122.46597290039062,0.4199981689453125,0.149993896484375,1754300.0,122.59395599365234,0.1500091552734375,-0.029998779296875,670500.0,122.31057739257812,0.30999755859375,0.1399993896484375,1295600.0,122.40196228027344,0.5200042724609375,-0.459991455078125,1956900.0,121.56095123291016,0.3700103759765625,-0.1599884033203125,1805700.0
124.6324462890625,1.1399993896484375,-0.459991455078125,2854400.0,123.68175506591795,0.769989013671875,0.160003662109375,2066300.0,123.68175506591795,1.220001220703125,-1.0500030517578125,2922900.0,122.46597290039062,0.4199981689453125,0.149993896484375,1754300.0,122.59395599365234,0.1500091552734375,-0.029998779296875,670500.0,122.31057739257812,0.30999755859375,0.1399993896484375,1295600.0,122.40196228027344,0.5200042724609375,-0.459991455078125,1956900.0
124.38563537597656,2.4600067138671875,0.209991455078125,3585700.0,124.6324462890625,1.1399993896484375,-0.459991455078125,2854400.0,123.68175506591795,0.769989013671875,0.160003662109375,2066300.0,123.68175506591795,1.220001220703125,-1.0500030517578125,2922900.0,122.46597290039062,0.4199981689453125,0.149993896484375,1754300.0,122.59395599365234,0.1500091552734375,-0.029998779296875,670500.0,122.31057739257812,0.30999755859375,0.1399993896484375,1295600.0
124.22108459472656,1.5,1.149993896484375,3119400.0,124.38563537597656,2.4600067138671875,0.209991455078125,3585700.0,124.6324462890625,1.1399993896484375,-0.459991455078125,2854400.0,123.68175506591795,0.769989013671875,0.160003662109375,2066300.0,123.68175506591795,1.220001220703125,-1.0500030517578125,2922900.0,122.46597290039062,0.4199981689453125,0.149993896484375,1754300.0,122.59395599365234,0.1500091552734375,-0.029998779296875,670500.0
123.69090270996094,1.100006103515625,0.779998779296875,2583300.0,124.22108459472656,1.5,1.149993896484375,3119400.0,124.38563537597656,2.4600067138671875,0.209991455078125,3585700.0,124.6324462890625,1.1399993896484375,-0.459991455078125,2854400.0,123.68175506591795,0.769989013671875,0.160003662109375,2066300.0,123.68175506591795,1.220001220703125,-1.0500030517578125,2922900.0,122.46597290039062,0.4199981689453125,0.149993896484375,1754300.0
123.6177749633789,0.4600067138671875,0.1100006103515625,2835600.0,123.69090270996094,1.100006103515625,0.779998779296875,2583300.0,124.22108459472656,1.5,1.149993896484375,3119400.0,124.38563537597656,2.4600067138671875,0.209991455078125,3585700.0,124.6324462890625,1.1399993896484375,-0.459991455078125,2854400.0,123.68175506591795,0.769989013671875,0.160003662109375,2066300.0,123.68175506591795,1.220001220703125,-1.0500030517578125,2922900.0
124.11141204833984,0.8600006103515625,-0.6300048828125,1537600.0,123.6177749633789,0.4600067138671875,0.1100006103515625,2835600.0,123.69090270996094,1.100006103515625,0.779998779296875,2583300.0,124.22108459472656,1.5,1.149993896484375,3119400.0,124.38563537597656,2.4600067138671875,0.209991455078125,3585700.0,124.6324462890625,1.1399993896484375,-0.459991455078125,2854400.0,123.68175506591795,0.769989013671875,0.160003662109375,2066300.0
124.76043701171876,0.4499969482421875,-0.1100006103515625,1502600.0,124.11141204833984,0.8600006103515625,-0.6300048828125,1537600.0,123.6177749633789,0.4600067138671875,0.1100006103515625,2835600.0,123.69090270996094,1.100006103515625,0.779998779296875,2583300.0,124.22108459472656,1.5,1.149993896484375,3119400.0,124.38563537597656,2.4600067138671875,0.209991455078125,3585700.0,124.6324462890625,1.1399993896484375,-0.459991455078125,2854400.0
125.05294799804688,0.350006103515625,-0.3000030517578125,1934300.0,124.76043701171876,0.4499969482421875,-0.1100006103515625,1502600.0,124.11141204833984,0.8600006103515625,-0.6300048828125,1537600.0,123.6177749633789,0.4600067138671875,0.1100006103515625,2835600.0,123.69090270996094,1.100006103515625,0.779998779296875,2583300.0,124.22108459472656,1.5,1.149993896484375,3119400.0,124.38563537597656,2.4600067138671875,0.209991455078125,3585700.0
125.19003295898438,0.44000244140625,0.029998779296875,1517200.0,125.05294799804688,0.350006103515625,-0.3000030517578125,1934300.0,124.76043701171876,0.4499969482421875,-0.1100006103515625,1502600.0,124.11141204833984,0.8600006103515625,-0.6300048828125,1537600.0,123.6177749633789,0.4600067138671875,0.1100006103515625,2835600.0,123.69090270996094,1.100006103515625,0.779998779296875,2583300.0,124.22108459472656,1.5,1.149993896484375,3119400.0
125.20833587646484,0.519989013671875,0.05999755859375,1858800.0,125.19003295898438,0.44000244140625,0.029998779296875,1517200.0,125.05294799804688,0.350006103515625,-0.3000030517578125,1934300.0,124.76043701171876,0.4499969482421875,-0.1100006103515625,1502600.0,124.11141204833984,0.8600006103515625,-0.6300048828125,1537600.0,123.6177749633789,0.4600067138671875,0.1100006103515625,2835600.0,123.69090270996094,1.100006103515625,0.779998779296875,2583300.0
124.62328338623048,0.970001220703125,0.8899993896484375,1856100.0,125.20833587646484,0.519989013671875,0.05999755859375,1858800.0,125.19003295898438,0.44000244140625,0.029998779296875,1517200.0,125.05294799804688,0.350006103515625,-0.3000030517578125,1934300.0,124.76043701171876,0.4499969482421875,-0.1100006103515625,1502600.0,124.11141204833984,0.8600006103515625,-0.6300048828125,1537600.0,123.6177749633789,0.4600067138671875,0.1100006103515625,2835600.0
125.73854064941406,0.9600067138671875,-0.600006103515625,2293000.0,124.62328338623048,0.970001220703125,0.8899993896484375,1856100.0,125.20833587646484,0.519989013671875,0.05999755859375,1858800.0,125.19003295898438,0.44000244140625,0.029998779296875,1517200.0,125.05294799804688,0.350006103515625,-0.3000030517578125,1934300.0,124.76043701171876,0.4499969482421875,-0.1100006103515625,1502600.0,124.11141204833984,0.8600006103515625,-0.6300048828125,1537600.0
126.60696411132812,0.4199981689453125,-0.2400054931640625,2696300.0,125.73854064941406,0.9600067138671875,-0.600006103515625,2293000.0,124.62328338623048,0.970001220703125,0.8899993896484375,1856100.0,125.20833587646484,0.519989013671875,0.05999755859375,1858800.0,125.19003295898438,0.44000244140625,0.029998779296875,1517200.0,125.05294799804688,0.350006103515625,-0.3000030517578125,1934300.0,124.76043701171876,0.4499969482421875,-0.1100006103515625,1502600.0
126.09506225585938,0.82000732421875,0.779998779296875,3642100.0,126.60696411132812,0.4199981689453125,-0.2400054931640625,2696300.0,125.73854064941406,0.9600067138671875,-0.600006103515625,2293000.0,124.62328338623048,0.970001220703125,0.8899993896484375,1856100.0,125.20833587646484,0.519989013671875,0.05999755859375,1858800.0,125.19003295898438,0.44000244140625,0.029998779296875,1517200.0,125.05294799804688,0.350006103515625,-0.3000030517578125,1934300.0
126.08592987060548,0.8700103759765625,0.57000732421875,2522200.0,126.09506225585938,0.82000732421875,0.779998779296875,3642100.0,126.60696411132812,0.4199981689453125,-0.2400054931640625,2696300.0,125.73854064941406,0.9600067138671875,-0.600006103515625,2293000.0,124.62328338623048,0.970001220703125,0.8899993896484375,1856100.0,125.20833587646484,0.519989013671875,0.05999755859375,1858800.0,125.19003295898438,0.44000244140625,0.029998779296875,1517200.0
126.37342834472656,0.5399932861328125,0.04998779296875,2111200.0,126.08592987060548,0.8700103759765625,0.57000732421875,2522200.0,126.09506225585938,0.82000732421875,0.779998779296875,3642100.0,126.60696411132812,0.4199981689453125,-0.2400054931640625,2696300.0,125.73854064941406,0.9600067138671875,-0.600006103515625,2293000.0,124.62328338623048,0.970001220703125,0.8899993896484375,1856100.0,125.20833587646484,0.519989013671875,0.05999755859375,1858800.0
126.3275146484375,0.6699981689453125,0.1199951171875,1926000.0,126.37342834472656,0.5399932861328125,0.04998779296875,2111200.0,126.08592987060548,0.8700103759765625,0.57000732421875,2522200.0,126.09506225585938,0.82000732421875,0.779998779296875,3642100.0,126.60696411132812,0.4199981689453125,-0.2400054931640625,2696300.0,125.73854064941406,0.9600067138671875,-0.600006103515625,2293000.0,124.62328338623048,0.970001220703125,0.8899993896484375,1856100.0
126.22642517089844,0.230010986328125,-0.07000732421875,2051300.0,126.3275146484375,0.6699981689453125,0.1199951171875,1926000.0,126.37342834472656,0.5399932861328125,0.04998779296875,2111200.0,126.08592987060548,0.8700103759765625,0.57000732421875,2522200.0,126.09506225585938,0.82000732421875,0.779998779296875,3642100.0,126.60696411132812,0.4199981689453125,-0.2400054931640625,2696300.0,125.73854064941406,0.9600067138671875,-0.600006103515625,2293000.0
126.27239990234376,0.3800048828125,0.1199951171875,2242400.0,126.22642517089844,0.230010986328125,-0.07000732421875,2051300.0,126.3275146484375,0.6699981689453125,0.1199951171875,1926000.0,126.37342834472656,0.5399932861328125,0.04998779296875,2111200.0,126.08592987060548,0.8700103759765625,0.57000732421875,2522200.0,126.09506225585938,0.82000732421875,0.779998779296875,3642100.0,126.60696411132812,0.4199981689453125,-0.2400054931640625,2696300.0
126.5479736328125,0.3000030517578125,0.029998779296875,2936500.0,126.27239990234376,0.3800048828125,0.1199951171875,2242400.0,126.22642517089844,0.230010986328125,-0.07000732421875,2051300.0,126.3275146484375,0.6699981689453125,0.1199951171875,1926000.0,126.37342834472656,0.5399932861328125,0.04998779296875,2111200.0,126.08592987060548,0.8700103759765625,0.57000732421875,2522200.0,126.09506225585938,0.82000732421875,0.779998779296875,3642100.0
126.07947540283205,0.95001220703125,0.8300018310546875,2256500.0,126.5479736328125,0.3000030517578125,0.029998779296875,2936500.0,126.27239990234376,0.3800048828125,0.1199951171875,2242400.0,126.22642517089844,0.230010986328125,-0.07000732421875,2051300.0,126.3275146484375,0.6699981689453125,0.1199951171875,1926000.0,126.37342834472656,0.5399932861328125,0.04998779296875,2111200.0,126.08592987060548,0.8700103759765625,0.57000732421875,2522200.0
126.97055053710938,0.7899932861328125,-0.470001220703125,3699700.0,126.07947540283205,0.95001220703125,0.8300018310546875,2256500.0,126.5479736328125,0.3000030517578125,0.029998779296875,2936500.0,126.27239990234376,0.3800048828125,0.1199951171875,2242400.0,126.22642517089844,0.230010986328125,-0.07000732421875,2051300.0,126.3275146484375,0.6699981689453125,0.1199951171875,1926000.0,126.37342834472656,0.5399932861328125,0.04998779296875,2111200.0
127.7054214477539,0.8000030517578125,-0.6300048828125,3052300.0,126.97055053710938,0.7899932861328125,-0.470001220703125,3699700.0,126.07947540283205,0.95001220703125,0.8300018310546875,2256500.0,126.5479736328125,0.3000030517578125,0.029998779296875,2936500.0,126.27239990234376,0.3800048828125,0.1199951171875,2242400.0,126.22642517089844,0.230010986328125,-0.07000732421875,2051300.0,126.3275146484375,0.6699981689453125,0.1199951171875,1926000.0
128.1922607421875,0.459991455078125,-0.1300048828125,2572400.0,127.7054214477539,0.8000030517578125,-0.6300048828125,3052300.0,126.97055053710938,0.7899932861328125,-0.470001220703125,3699700.0,126.07947540283205,0.95001220703125,0.8300018310546875,2256500.0,126.5479736328125,0.3000030517578125,0.029998779296875,2936500.0,126.27239990234376,0.3800048828125,0.1199951171875,2242400.0,126.22642517089844,0.230010986328125,-0.07000732421875,2051300.0
128.94554138183594,0.720001220703125,-0.3499908447265625,2188500.0,128.1922607421875,0.459991455078125,-0.1300048828125,2572400.0,127.7054214477539,0.8000030517578125,-0.6300048828125,3052300.0,126.97055053710938,0.7899932861328125,-0.470001220703125,3699700.0,126.07947540283205,0.95001220703125,0.8300018310546875,2256500.0,126.5479736328125,0.3000030517578125,0.029998779296875,2936500.0,126.27239990234376,0.3800048828125,0.1199951171875,2242400.0
129.23947143554688,0.6699981689453125,-0.3800048828125,2655300.0,128.94554138183594,0.720001220703125,-0.3499908447265625,2188500.0,128.1922607421875,0.459991455078125,-0.1300048828125,2572400.0,127.7054214477539,0.8000030517578125,-0.6300048828125,3052300.0,126.97055053710938,0.7899932861328125,-0.470001220703125,3699700.0,126.07947540283205,0.95001220703125,0.8300018310546875,2256500.0,126.5479736328125,0.3000030517578125,0.029998779296875,2936500.0
129.47837829589844,0.5999908447265625,-0.029998779296875,2625200.0,129.23947143554688,0.6699981689453125,-0.3800048828125,2655300.0,128.94554138183594,0.720001220703125,-0.3499908447265625,2188500.0,128.1922607421875,0.459991455078125,-0.1300048828125,2572400.0,127.7054214477539,0.8000030517578125,-0.6300048828125,3052300.0,126.97055053710938,0.7899932861328125,-0.470001220703125,3699700.0,126.07947540283205,0.95001220703125,0.8300018310546875,2256500.0
129.27622985839844,0.779998779296875,-0.1599884033203125,2014900.0,129.47837829589844,0.5999908447265625,-0.029998779296875,2625200.0,129.23947143554688,0.6699981689453125,-0.3800048828125,2655300.0,128.94554138183594,0.720001220703125,-0.3499908447265625,2188500.0,128.1922607421875,0.459991455078125,-0.1300048828125,2572400.0,127.7054214477539,0.8000030517578125,-0.6300048828125,3052300.0,126.97055053710938,0.7899932861328125,-0.470001220703125,3699700.0
130.36940002441406,0.9499969482421875,-0.9199981689453125,2188000.0,129.27622985839844,0.779998779296875,-0.1599884033203125,2014900.0,129.47837829589844,0.5999908447265625,-0.029998779296875,2625200.0,129.23947143554688,0.6699981689453125,-0.3800048828125,2655300.0,128.94554138183594,0.720001220703125,-0.3499908447265625,2188500.0,128.1922607421875,0.459991455078125,-0.1300048828125,2572400.0,127.7054214477539,0.8000030517578125,-0.6300048828125,3052300.0
131.1318817138672,0.850006103515625,-0.6699981689453125,2661800.0,130.36940002441406,0.9499969482421875,-0.9199981689453125,2188000.0,129.27622985839844,0.779998779296875,-0.1599884033203125,2014900.0,129.47837829589844,0.5999908447265625,-0.029998779296875,2625200.0,129.23947143554688,0.6699981689453125,-0.3800048828125,2655300.0,128.94554138183594,0.720001220703125,-0.3499908447265625,2188500.0,128.1922607421875,0.459991455078125,-0.1300048828125,2572400.0
130.55307006835938,2.1100006103515625,1.410003662109375,3973400.0,131.1318817138672,0.850006103515625,-0.6699981689453125,2661800.0,130.36940002441406,0.9499969482421875,-0.9199981689453125,2188000.0,129.27622985839844,0.779998779296875,-0.1599884033203125,2014900.0,129.47837829589844,0.5999908447265625,-0.029998779296875,2625200.0,129.23947143554688,0.6699981689453125,-0.3800048828125,2655300.0,128.94554138183594,0.720001220703125,-0.3499908447265625,2188500.0
131.7565155029297,1.3899993896484375,-0.709991455078125,2756400.0,130.55307006835938,2.1100006103515625,1.410003662109375,3973400.0,131.1318817138672,0.850006103515625,-0.6699981689453125,2661800.0,130.36940002441406,0.9499969482421875,-0.9199981689453125,2188000.0,129.27622985839844,0.779998779296875,-0.1599884033203125,2014900.0,129.47837829589844,0.5999908447265625,-0.029998779296875,2625200.0,129.23947143554688,0.6699981689453125,-0.3800048828125,2655300.0
131.52684020996094,0.6800079345703125,0.2400054931640625,2705800.0,131.7565155029297,1.3899993896484375,-0.709991455078125,2756400.0,130.55307006835938,2.1100006103515625,1.410003662109375,3973400.0,131.1318817138672,0.850006103515625,-0.6699981689453125,2661800.0,130.36940002441406,0.9499969482421875,-0.9199981689453125,2188000.0,129.27622985839844,0.779998779296875,-0.1599884033203125,2014900.0,129.47837829589844,0.5999908447265625,-0.029998779296875,2625200.0
132.20660400390625,0.739990234375,-0.42999267578125,2119000.0,131.52684020996094,0.6800079345703125,0.2400054931640625,2705800.0,131.7565155029297,1.3899993896484375,-0.709991455078125,2756400.0,130.55307006835938,2.1100006103515625,1.410003662109375,3973400.0,131.1318817138672,0.850006103515625,-0.6699981689453125,2661800.0,130.36940002441406,0.9499969482421875,-0.9199981689453125,2188000.0,129.27622985839844,0.779998779296875,-0.1599884033203125,2014900.0
133.2538299560547,1.220001220703125,-1.220001220703125,2849900.0,132.20660400390625,0.739990234375,-0.42999267578125,2119000.0,131.52684020996094,0.6800079345703125,0.2400054931640625,2705800.0,131.7565155029297,1.3899993896484375,-0.709991455078125,2756400.0,130.55307006835938,2.1100006103515625,1.410003662109375,3973400.0,131.1318817138672,0.850006103515625,-0.6699981689453125,2661800.0,130.36940002441406,0.9499969482421875,-0.9199981689453125,2188000.0
133.58450317382812,0.6500091552734375,-0.3199920654296875,2261300.0,133.2538299560547,1.220001220703125,-1.220001220703125,2849900.0,132.20660400390625,0.739990234375,-0.42999267578125,2119000.0,131.52684020996094,0.6800079345703125,0.2400054931640625,2705800.0,131.7565155029297,1.3899993896484375,-0.709991455078125,2756400.0,130.55307006835938,2.1100006103515625,1.410003662109375,3973400.0,131.1318817138672,0.850006103515625,-0.6699981689453125,2661800.0
133.45590209960938,1.4799957275390625,0.57000732421875,3409300.0,133.58450317382812,0.6500091552734375,-0.3199920654296875,2261300.0,133.2538299560547,1.220001220703125,-1.220001220703125,2849900.0,132.20660400390625,0.739990234375,-0.42999267578125,2119000.0,131.52684020996094,0.6800079345703125,0.2400054931640625,2705800.0,131.7565155029297,1.3899993896484375,-0.709991455078125,2756400.0,130.55307006835938,2.1100006103515625,1.410003662109375,3973400.0
133.5110626220703,0.970001220703125,0.5,4234600.0,133.45590209960938,1.4799957275390625,0.57000732421875,3409300.0,133.58450317382812,0.6500091552734375,-0.3199920654296875,2261300.0,133.2538299560547,1.220001220703125,-1.220001220703125,2849900.0,132.20660400390625,0.739990234375,-0.42999267578125,2119000.0,131.52684020996094,0.6800079345703125,0.2400054931640625,2705800.0,131.7565155029297,1.3899993896484375,-0.709991455078125,2756400.0
134.90736389160156,1.239990234375,-1.0399932861328125,1995900.0,133.5110626220703,0.970001220703125,0.5,4234600.0,133.45590209960938,1.4799957275390625,0.57000732421875,3409300.0,133.58450317382812,0.6500091552734375,-0.3199920654296875,2261300.0,133.2538299560547,1.220001220703125,-1.220001220703125,2849900.0,132.20660400390625,0.739990234375,-0.42999267578125,2119000.0,131.52684020996094,0.6800079345703125,0.2400054931640625,2705800.0
134.0254669189453,1.0,0.6800079345703125,2688200.0,134.90736389160156,1.239990234375,-1.0399932861328125,1995900.0,133.5110626220703,0.970001220703125,0.5,4234600.0,133.45590209960938,1.4799957275390625,0.57000732421875,3409300.0,133.58450317382812,0.6500091552734375,-0.3199920654296875,2261300.0,133.2538299560547,1.220001220703125,-1.220001220703125,2849900.0,132.20660400390625,0.739990234375,-0.42999267578125,2119000.0
132.6291961669922,1.0,0.3600006103515625,4898200.0,134.0254669189453,1.0,0.6800079345703125,2688200.0,134.90736389160156,1.239990234375,-1.0399932861328125,1995900.0,133.5110626220703,0.970001220703125,0.5,4234600.0,133.45590209960938,1.4799957275390625,0.57000732421875,3409300.0,133.58450317382812,0.6500091552734375,-0.3199920654296875,2261300.0,133.2538299560547,1.220001220703125,-1.220001220703125,2849900.0
132.6751251220703,1.45001220703125,0.510009765625,4670200.0,132.6291961669922,1.0,0.3600006103515625,4898200.0,134.0254669189453,1.0,0.6800079345703125,2688200.0,134.90736389160156,1.239990234375,-1.0399932861328125,1995900.0,133.5110626220703,0.970001220703125,0.5,4234600.0,133.45590209960938,1.4799957275390625,0.57000732421875,3409300.0,133.58450317382812,0.6500091552734375,-0.3199920654296875,2261300.0
132.62002563476562,1.1800079345703125,-0.3899993896484375,2924800.0,132.6751251220703,1.45001220703125,0.510009765625,4670200.0,132.6291961669922,1.0,0.3600006103515625,4898200.0,134.0254669189453,1.0,0.6800079345703125,2688200.0,134.90736389160156,1.239990234375,-1.0399932861328125,1995900.0,133.5110626220703,0.970001220703125,0.5,4234600.0,133.45590209960938,1.4799957275390625,0.57000732421875,3409300.0
129.79986572265625,2.4399871826171875,2.209991455078125,5323600.0,132.62002563476562,1.1800079345703125,-0.3899993896484375,2924800.0,132.6751251220703,1.45001220703125,0.510009765625,4670200.0,132.6291961669922,1.0,0.3600006103515625,4898200.0,134.0254669189453,1.0,0.6800079345703125,2688200.0,134.90736389160156,1.239990234375,-1.0399932861328125,1995900.0,133.5110626220703,0.970001220703125,0.5,4234600.0
124.6923599243164,6.25,4.470001220703125,10357400.0,129.79986572265625,2.4399871826171875,2.209991455078125,5323600.0,132.62002563476562,1.1800079345703125,-0.3899993896484375,2924800.0,132.6751251220703,1.45001220703125,0.510009765625,4670200.0,132.6291961669922,1.0,0.3600006103515625,4898200.0,134.0254669189453,1.0,0.6800079345703125,2688200.0,134.90736389160156,1.239990234375,-1.0399932861328125,1995900.0
126.73170471191406,5.7400054931640625,-4.70001220703125,10791200.0,124.6923599243164,6.25,4.470001220703125,10357400.0,129.79986572265625,2.4399871826171875,2.209991455078125,5323600.0,132.62002563476562,1.1800079345703125,-0.3899993896484375,2924800.0,132.6751251220703,1.45001220703125,0.510009765625,4670200.0,132.6291961669922,1.0,0.3600006103515625,4898200.0,134.0254669189453,1.0,0.6800079345703125,2688200.0
126.1713409423828,2.209991455078125,0.4799957275390625,6176300.0,126.73170471191406,5.7400054931640625,-4.70001220703125,10791200.0,124.6923599243164,6.25,4.470001220703125,10357400.0,129.79986572265625,2.4399871826171875,2.209991455078125,5323600.0,132.62002563476562,1.1800079345703125,-0.3899993896484375,2924800.0,132.6751251220703,1.45001220703125,0.510009765625,4670200.0,132.6291961669922,1.0,0.3600006103515625,4898200.0
121.63340759277344,5.4499969482421875,5.1199951171875,7683300.0,126.1713409423828,2.209991455078125,0.4799957275390625,6176300.0,126.73170471191406,5.7400054931640625,-4.70001220703125,10791200.0,124.6923599243164,6.25,4.470001220703125,10357400.0,129.79986572265625,2.4399871826171875,2.209991455078125,5323600.0,132.62002563476562,1.1800079345703125,-0.3899993896484375,2924800.0,132.6751251220703,1.45001220703125,0.510009765625,4670200.0
123.3052749633789,5.3700103759765625,-0.3300018310546875,9474000.0,121.63340759277344,5.4499969482421875,5.1199951171875,7683300.0,126.1713409423828,2.209991455078125,0.4799957275390625,6176300.0,126.73170471191406,5.7400054931640625,-4.70001220703125,10791200.0,124.6923599243164,6.25,4.470001220703125,10357400.0,129.79986572265625,2.4399871826171875,2.209991455078125,5323600.0,132.62002563476562,1.1800079345703125,-0.3899993896484375,2924800.0
124.9495849609375,2.6200103759765625,-0.6699981689453125,4251900.0,123.3052749633789,5.3700103759765625,-0.3300018310546875,9474000.0,121.63340759277344,5.4499969482421875,5.1199951171875,7683300.0,126.1713409423828,2.209991455078125,0.4799957275390625,6176300.0,126.73170471191406,5.7400054931640625,-4.70001220703125,10791200.0,124.6923599243164,6.25,4.470001220703125,10357400.0,129.79986572265625,2.4399871826171875,2.209991455078125,5323600.0
125.34459686279295,1.69000244140625,-1.1100006103515625,2973000.0,124.9495849609375,2.6200103759765625,-0.6699981689453125,4251900.0,123.3052749633789,5.3700103759765625,-0.3300018310546875,9474000.0,121.63340759277344,5.4499969482421875,5.1199951171875,7683300.0,126.1713409423828,2.209991455078125,0.4799957275390625,6176300.0,126.73170471191406,5.7400054931640625,-4.70001220703125,10791200.0,124.6923599243164,6.25,4.470001220703125,10357400.0
127.09911346435548,2.9799957275390625,-2.7400054931640625,3076800.0,125.34459686279295,1.69000244140625,-1.1100006103515625,2973000.0,124.9495849609375,2.6200103759765625,-0.6699981689453125,4251900.0,123.3052749633789,5.3700103759765625,-0.3300018310546875,9474000.0,121.63340759277344,5.4499969482421875,5.1199951171875,7683300.0,126.1713409423828,2.209991455078125,0.4799957275390625,6176300.0,126.73170471191406,5.7400054931640625,-4.70001220703125,10791200.0
128.651611328125,2.100006103515625,-0.720001220703125,2853000.0,127.09911346435548,2.9799957275390625,-2.7400054931640625,3076800.0,125.34459686279295,1.69000244140625,-1.1100006103515625,2973000.0,124.9495849609375,2.6200103759765625,-0.6699981689453125,4251900.0,123.3052749633789,5.3700103759765625,-0.3300018310546875,9474000.0,121.63340759277344,5.4499969482421875,5.1199951171875,7683300.0,126.1713409423828,2.209991455078125,0.4799957275390625,6176300.0
128.70669555664062,1.55999755859375,-0.4300079345703125,2813100.0,128.651611328125,2.100006103515625,-0.720001220703125,2853000.0,127.09911346435548,2.9799957275390625,-2.7400054931640625,3076800.0,125.34459686279295,1.69000244140625,-1.1100006103515625,2973000.0,124.9495849609375,2.6200103759765625,-0.6699981689453125,4251900.0,123.3052749633789,5.3700103759765625,-0.3300018310546875,9474000.0,121.63340759277344,5.4499969482421875,5.1199951171875,7683300.0
127.9350357055664,1.6199951171875,0.2899932861328125,2490000.0,128.70669555664062,1.55999755859375,-0.4300079345703125,2813100.0,128.651611328125,2.100006103515625,-0.720001220703125,2853000.0,127.09911346435548,2.9799957275390625,-2.7400054931640625,3076800.0,125.34459686279295,1.69000244140625,-1.1100006103515625,2973000.0,124.9495849609375,2.6200103759765625,-0.6699981689453125,4251900.0,123.3052749633789,5.3700103759765625,-0.3300018310546875,9474000.0
127.33800506591795,2.350006103515625,0.8300018310546875,2182200.0,127.9350357055664,1.6199951171875,0.2899932861328125,2490000.0,128.70669555664062,1.55999755859375,-0.4300079345703125,2813100.0,128.651611328125,2.100006103515625,-0.720001220703125,2853000.0,127.09911346435548,2.9799957275390625,-2.7400054931640625,3076800.0,125.34459686279295,1.69000244140625,-1.1100006103515625,2973000.0,124.9495849609375,2.6200103759765625,-0.6699981689453125,4251900.0
127.42063903808594,1.709991455078125,0.4799957275390625,2111700.0,127.33800506591795,2.350006103515625,0.8300018310546875,2182200.0,127.9350357055664,1.6199951171875,0.2899932861328125,2490000.0,128.70669555664062,1.55999755859375,-0.4300079345703125,2813100.0,128.651611328125,2.100006103515625,-0.720001220703125,2853000.0,127.09911346435548,2.9799957275390625,-2.7400054931640625,3076800.0,125.34459686279295,1.69000244140625,-1.1100006103515625,2973000.0
129.39569091796875,1.720001220703125,-1.410003662109375,1439500.0,127.42063903808594,1.709991455078125,0.4799957275390625,2111700.0,127.33800506591795,2.350006103515625,0.8300018310546875,2182200.0,127.9350357055664,1.6199951171875,0.2899932861328125,2490000.0,128.70669555664062,1.55999755859375,-0.4300079345703125,2813100.0,128.651611328125,2.100006103515625,-0.720001220703125,2853000.0,127.09911346435548,2.9799957275390625,-2.7400054931640625,3076800.0
130.75521850585938,1.3700103759765625,-0.839996337890625,1765700.0,129.39569091796875,1.720001220703125,-1.410003662109375,1439500.0,127.42063903808594,1.709991455078125,0.4799957275390625,2111700.0,127.33800506591795,2.350006103515625,0.8300018310546875,2182200.0,127.9350357055664,1.6199951171875,0.2899932861328125,2490000.0,128.70669555664062,1.55999755859375,-0.4300079345703125,2813100.0,128.651611328125,2.100006103515625,-0.720001220703125,2853000.0
129.1108856201172,2.30999755859375,1.8600006103515625,2305100.0,130.75521850585938,1.3700103759765625,-0.839996337890625,1765700.0,129.39569091796875,1.720001220703125,-1.410003662109375,1439500.0,127.42063903808594,1.709991455078125,0.4799957275390625,2111700.0,127.33800506591795,2.350006103515625,0.8300018310546875,2182200.0,127.9350357055664,1.6199951171875,0.2899932861328125,2490000.0,128.70669555664062,1.55999755859375,-0.4300079345703125,2813100.0
127.68704986572266,2.42999267578125,2.17999267578125,2290500.0,129.1108856201172,2.30999755859375,1.8600006103515625,2305100.0,130.75521850585938,1.3700103759765625,-0.839996337890625,1765700.0,129.39569091796875,1.720001220703125,-1.410003662109375,1439500.0,127.42063903808594,1.709991455078125,0.4799957275390625,2111700.0,127.33800506591795,2.350006103515625,0.8300018310546875,2182200.0,127.9350357055664,1.6199951171875,0.2899932861328125,2490000.0
126.1713409423828,3.480010986328125,1.720001220703125,4846700.0,127.68704986572266,2.42999267578125,2.17999267578125,2290500.0,129.1108856201172,2.30999755859375,1.8600006103515625,2305100.0,130.75521850585938,1.3700103759765625,-0.839996337890625,1765700.0,129.39569091796875,1.720001220703125,-1.410003662109375,1439500.0,127.42063903808594,1.709991455078125,0.4799957275390625,2111700.0,127.33800506591795,2.350006103515625,0.8300018310546875,2182200.0
126.98892211914062,2.67999267578125,-1.9600067138671875,3021300.0,126.1713409423828,3.480010986328125,1.720001220703125,4846700.0,127.68704986572266,2.42999267578125,2.17999267578125,2290500.0,129.1108856201172,2.30999755859375,1.8600006103515625,2305100.0,130.75521850585938,1.3700103759765625,-0.839996337890625,1765700.0,129.39569091796875,1.720001220703125,-1.410003662109375,1439500.0,127.42063903808594,1.709991455078125,0.4799957275390625,2111700.0
128.42196655273438,2.649993896484375,-2.25,2916600.0,126.98892211914062,2.67999267578125,-1.9600067138671875,3021300.0,126.1713409423828,3.480010986328125,1.720001220703125,4846700.0,127.68704986572266,2.42999267578125,2.17999267578125,2290500.0,129.1108856201172,2.30999755859375,1.8600006103515625,2305100.0,130.75521850585938,1.3700103759765625,-0.839996337890625,1765700.0,129.39569091796875,1.720001220703125,-1.410003662109375,1439500.0
128.8904266357422,1.2899932861328125,0.0500030517578125,2788000.0,128.42196655273438,2.649993896484375,-2.25,2916600.0,126.98892211914062,2.67999267578125,-1.9600067138671875,3021300.0,126.1713409423828,3.480010986328125,1.720001220703125,4846700.0,127.68704986572266,2.42999267578125,2.17999267578125,2290500.0,129.1108856201172,2.30999755859375,1.8600006103515625,2305100.0,130.75521850585938,1.3700103759765625,-0.839996337890625,1765700.0
129.0006866455078,1.6399993896484375,-1.3799896240234375,2569100.0,128.8904266357422,1.2899932861328125,0.0500030517578125,2788000.0,128.42196655273438,2.649993896484375,-2.25,2916600.0,126.98892211914062,2.67999267578125,-1.9600067138671875,3021300.0,126.1713409423828,3.480010986328125,1.720001220703125,4846700.0,127.68704986572266,2.42999267578125,2.17999267578125,2290500.0,129.1108856201172,2.30999755859375,1.8600006103515625,2305100.0
129.48757934570312,0.9199981689453125,-0.1300048828125,2307500.0,129.0006866455078,1.6399993896484375,-1.3799896240234375,2569100.0,128.8904266357422,1.2899932861328125,0.0500030517578125,2788000.0,128.42196655273438,2.649993896484375,-2.25,2916600.0,126.98892211914062,2.67999267578125,-1.9600067138671875,3021300.0,126.1713409423828,3.480010986328125,1.720001220703125,4846700.0,127.68704986572266,2.42999267578125,2.17999267578125,2290500.0
131.6370849609375,1.75,-1.510009765625,2325100.0,129.48757934570312,0.9199981689453125,-0.1300048828125,2307500.0,129.0006866455078,1.6399993896484375,-1.3799896240234375,2569100.0,128.8904266357422,1.2899932861328125,0.0500030517578125,2788000.0,128.42196655273438,2.649993896484375,-2.25,2916600.0,126.98892211914062,2.67999267578125,-1.9600067138671875,3021300.0,126.1713409423828,3.480010986328125,1.720001220703125,4846700.0
131.56356811523438,0.8899993896484375,0.2700042724609375,1999200.0,131.6370849609375,1.75,-1.510009765625,2325100.0,129.48757934570312,0.9199981689453125,-0.1300048828125,2307500.0,129.0006866455078,1.6399993896484375,-1.3799896240234375,2569100.0,128.8904266357422,1.2899932861328125,0.0500030517578125,2788000.0,128.42196655273438,2.649993896484375,-2.25,2916600.0,126.98892211914062,2.67999267578125,-1.9600067138671875,3021300.0
130.7460174560547,2.1300048828125,1.529998779296875,2080500.0,131.56356811523438,0.8899993896484375,0.2700042724609375,1999200.0,131.6370849609375,1.75,-1.510009765625,2325100.0,129.48757934570312,0.9199981689453125,-0.1300048828125,2307500.0,129.0006866455078,1.6399993896484375,-1.3799896240234375,2569100.0,128.8904266357422,1.2899932861328125,0.0500030517578125,2788000.0,128.42196655273438,2.649993896484375,-2.25,2916600.0
130.08460998535156,1.6399993896484375,1.2899932861328125,2103100.0,130.7460174560547,2.1300048828125,1.529998779296875,2080500.0,131.56356811523438,0.8899993896484375,0.2700042724609375,1999200.0,131.6370849609375,1.75,-1.510009765625,2325100.0,129.48757934570312,0.9199981689453125,-0.1300048828125,2307500.0,129.0006866455078,1.6399993896484375,-1.3799896240234375,2569100.0,128.8904266357422,1.2899932861328125,0.0500030517578125,2788000.0
129.9100799560547,1.1100006103515625,0.540008544921875,1927900.0,130.08460998535156,1.6399993896484375,1.2899932861328125,2103100.0,130.7460174560547,2.1300048828125,1.529998779296875,2080500.0,131.56356811523438,0.8899993896484375,0.2700042724609375,1999200.0,131.6370849609375,1.75,-1.510009765625,2325100.0,129.48757934570312,0.9199981689453125,-0.1300048828125,2307500.0,129.0006866455078,1.6399993896484375,-1.3799896240234375,2569100.0
130.13055419921875,0.6100006103515625,-0.0800018310546875,2641400.0,129.9100799560547,1.1100006103515625,0.540008544921875,1927900.0,130.08460998535156,1.6399993896484375,1.2899932861328125,2103100.0,130.7460174560547,2.1300048828125,1.529998779296875,2080500.0,131.56356811523438,0.8899993896484375,0.2700042724609375,1999200.0,131.6370849609375,1.75,-1.510009765625,2325100.0,129.48757934570312,0.9199981689453125,-0.1300048828125,2307500.0
128.45867919921875,2.5399932861328125,1.32000732421875,3154300.0,130.13055419921875,0.6100006103515625,-0.0800018310546875,2641400.0,129.9100799560547,1.1100006103515625,0.540008544921875,1927900.0,130.08460998535156,1.6399993896484375,1.2899932861328125,2103100.0,130.7460174560547,2.1300048828125,1.529998779296875,2080500.0,131.56356811523438,0.8899993896484375,0.2700042724609375,1999200.0,131.6370849609375,1.75,-1.510009765625,2325100.0
128.651611328125,0.7599945068359375,-0.0500030517578125,1672000.0,128.45867919921875,2.5399932861328125,1.32000732421875,3154300.0,130.13055419921875,0.6100006103515625,-0.0800018310546875,2641400.0,129.9100799560547,1.1100006103515625,0.540008544921875,1927900.0,130.08460998535156,1.6399993896484375,1.2899932861328125,2103100.0,130.7460174560547,2.1300048828125,1.529998779296875,2080500.0,131.56356811523438,0.8899993896484375,0.2700042724609375,1999200.0
128.54135131835938,1.4600067138671875,0.1200103759765625,2106700.0,128.651611328125,0.7599945068359375,-0.0500030517578125,1672000.0,128.45867919921875,2.5399932861328125,1.32000732421875,3154300.0,130.13055419921875,0.6100006103515625,-0.0800018310546875,2641400.0,129.9100799560547,1.1100006103515625,0.540008544921875,1927900.0,130.08460998535156,1.6399993896484375,1.2899932861328125,2103100.0,130.7460174560547,2.1300048828125,1.529998779296875,2080500.0
125.39248657226562,2.7599945068359375,2.1999969482421875,3130600.0,128.54135131835938,1.4600067138671875,0.1200103759765625,2106700.0,128.651611328125,0.7599945068359375,-0.0500030517578125,1672000.0,128.45867919921875,2.5399932861328125,1.32000732421875,3154300.0,130.13055419921875,0.6100006103515625,-0.0800018310546875,2641400.0,129.9100799560547,1.1100006103515625,0.540008544921875,1927900.0,130.08460998535156,1.6399993896484375,1.2899932861328125,2103100.0
122.76383209228516,3.410003662109375,3.029998779296875,5697000.0,125.39248657226562,2.7599945068359375,2.1999969482421875,3130600.0,128.54135131835938,1.4600067138671875,0.1200103759765625,2106700.0,128.651611328125,0.7599945068359375,-0.0500030517578125,1672000.0,128.45867919921875,2.5399932861328125,1.32000732421875,3154300.0,130.13055419921875,0.6100006103515625,-0.0800018310546875,2641400.0,129.9100799560547,1.1100006103515625,0.540008544921875,1927900.0
126.00123596191406,2.970001220703125,-1.5200042724609375,3859500.0,122.76383209228516,3.410003662109375,3.029998779296875,5697000.0,125.39248657226562,2.7599945068359375,2.1999969482421875,3130600.0,128.54135131835938,1.4600067138671875,0.1200103759765625,2106700.0,128.651611328125,0.7599945068359375,-0.0500030517578125,1672000.0,128.45867919921875,2.5399932861328125,1.32000732421875,3154300.0,130.13055419921875,0.6100006103515625,-0.0800018310546875,2641400.0
123.76915740966795,3.8800048828125,2.989990234375,3309900.0,126.00123596191406,2.970001220703125,-1.5200042724609375,3859500.0,122.76383209228516,3.410003662109375,3.029998779296875,5697000.0,125.39248657226562,2.7599945068359375,2.1999969482421875,3130600.0,128.54135131835938,1.4600067138671875,0.1200103759765625,2106700.0,128.651611328125,0.7599945068359375,-0.0500030517578125,1672000.0,128.45867919921875,2.5399932861328125,1.32000732421875,3154300.0
123.48323059082033,1.9600067138671875,0.4799957275390625,4740000.0,123.76915740966795,3.8800048828125,2.989990234375,3309900.0,126.00123596191406,2.970001220703125,-1.5200042724609375,3859500.0,122.76383209228516,3.410003662109375,3.029998779296875,5697000.0,125.39248657226562,2.7599945068359375,2.1999969482421875,3130600.0,128.54135131835938,1.4600067138671875,0.1200103759765625,2106700.0,128.651611328125,0.7599945068359375,-0.0500030517578125,1672000.0
125.18035888671876,2.42999267578125,-1.2299957275390625,2346400.0,123.48323059082033,1.9600067138671875,0.4799957275390625,4740000.0,123.76915740966795,3.8800048828125,2.989990234375,3309900.0,126.00123596191406,2.970001220703125,-1.5200042724609375,3859500.0,122.76383209228516,3.410003662109375,3.029998779296875,5697000.0,125.39248657226562,2.7599945068359375,2.1999969482421875,3130600.0,128.54135131835938,1.4600067138671875,0.1200103759765625,2106700.0
122.33033752441406,4.3100128173828125,2.6599884033203125,5703700.0,125.18035888671876,2.42999267578125,-1.2299957275390625,2346400.0,123.48323059082033,1.9600067138671875,0.4799957275390625,4740000.0,123.76915740966795,3.8800048828125,2.989990234375,3309900.0,126.00123596191406,2.970001220703125,-1.5200042724609375,3859500.0,122.76383209228516,3.410003662109375,3.029998779296875,5697000.0,125.39248657226562,2.7599945068359375,2.1999969482421875,3130600.0
123.8521499633789,2.1899871826171875,-0.92999267578125,3737200.0,122.33033752441406,4.3100128173828125,2.6599884033203125,5703700.0,125.18035888671876,2.42999267578125,-1.2299957275390625,2346400.0,123.48323059082033,1.9600067138671875,0.4799957275390625,4740000.0,123.76915740966795,3.8800048828125,2.989990234375,3309900.0,126.00123596191406,2.970001220703125,-1.5200042724609375,3859500.0,122.76383209228516,3.410003662109375,3.029998779296875,5697000.0
125.24491119384766,4.0,-3.5999908447265625,2928000.0,123.8521499633789,2.1899871826171875,-0.92999267578125,3737200.0,122.33033752441406,4.3100128173828125,2.6599884033203125,5703700.0,125.18035888671876,2.42999267578125,-1.2299957275390625,2346400.0,123.48323059082033,1.9600067138671875,0.4799957275390625,4740000.0,123.76915740966795,3.8800048828125,2.989990234375,3309900.0,126.00123596191406,2.970001220703125,-1.5200042724609375,3859500.0
126.12116241455078,1.1199951171875,-0.0900115966796875,2683600.0,125.24491119384766,4.0,-3.5999908447265625,2928000.0,123.8521499633789,2.1899871826171875,-0.92999267578125,3737200.0,122.33033752441406,4.3100128173828125,2.6599884033203125,5703700.0,125.18035888671876,2.42999267578125,-1.2299957275390625,2346400.0,123.48323059082033,1.9600067138671875,0.4799957275390625,4740000.0,123.76915740966795,3.8800048828125,2.989990234375,3309900.0
123.47401428222656,3.6199951171875,1.8600006103515625,4942600.0,126.12116241455078,1.1199951171875,-0.0900115966796875,2683600.0,125.24491119384766,4.0,-3.5999908447265625,2928000.0,123.8521499633789,2.1899871826171875,-0.92999267578125,3737200.0,122.33033752441406,4.3100128173828125,2.6599884033203125,5703700.0,125.18035888671876,2.42999267578125,-1.2299957275390625,2346400.0,123.48323059082033,1.9600067138671875,0.4799957275390625,4740000.0
123.88904571533205,2.1399993896484375,0.399993896484375,2239400.0,123.47401428222656,3.6199951171875,1.8600006103515625,4942600.0,126.12116241455078,1.1199951171875,-0.0900115966796875,2683600.0,125.24491119384766,4.0,-3.5999908447265625,2928000.0,123.8521499633789,2.1899871826171875,-0.92999267578125,3737200.0,122.33033752441406,4.3100128173828125,2.6599884033203125,5703700.0,125.18035888671876,2.42999267578125,-1.2299957275390625,2346400.0
125.89976501464844,1.5099945068359375,-0.5,2153900.0,123.88904571533205,2.1399993896484375,0.399993896484375,2239400.0,123.47401428222656,3.6199951171875,1.8600006103515625,4942600.0,126.12116241455078,1.1199951171875,-0.0900115966796875,2683600.0,125.24491119384766,4.0,-3.5999908447265625,2928000.0,123.8521499633789,2.1899871826171875,-0.92999267578125,3737200.0,122.33033752441406,4.3100128173828125,2.6599884033203125,5703700.0
125.31868743896484,1.4300079345703125,-0.1999969482421875,2063800.0,125.89976501464844,1.5099945068359375,-0.5,2153900.0,123.88904571533205,2.1399993896484375,0.399993896484375,2239400.0,123.47401428222656,3.6199951171875,1.8600006103515625,4942600.0,126.12116241455078,1.1199951171875,-0.0900115966796875,2683600.0,125.24491119384766,4.0,-3.5999908447265625,2928000.0,123.8521499633789,2.1899871826171875,-0.92999267578125,3737200.0
126.33326721191406,1.0200042724609375,-0.2400054931640625,1858700.0,125.31868743896484,1.4300079345703125,-0.1999969482421875,2063800.0,125.89976501464844,1.5099945068359375,-0.5,2153900.0,123.88904571533205,2.1399993896484375,0.399993896484375,2239400.0,123.47401428222656,3.6199951171875,1.8600006103515625,4942600.0,126.12116241455078,1.1199951171875,-0.0900115966796875,2683600.0,125.24491119384766,4.0,-3.5999908447265625,2928000.0
125.9735870361328,1.7400054931640625,1.1399993896484375,2192600.0,126.33326721191406,1.0200042724609375,-0.2400054931640625,1858700.0,125.31868743896484,1.4300079345703125,-0.1999969482421875,2063800.0,125.89976501464844,1.5099945068359375,-0.5,2153900.0,123.88904571533205,2.1399993896484375,0.399993896484375,2239400.0,123.47401428222656,3.6199951171875,1.8600006103515625,4942600.0,126.12116241455078,1.1199951171875,-0.0900115966796875,2683600.0
127.02501678466795,1.17999267578125,-0.1800079345703125,2892600.0,125.9735870361328,1.7400054931640625,1.1399993896484375,2192600.0,126.33326721191406,1.0200042724609375,-0.2400054931640625,1858700.0,125.31868743896484,1.4300079345703125,-0.1999969482421875,2063800.0,125.89976501464844,1.5099945068359375,-0.5,2153900.0,123.88904571533205,2.1399993896484375,0.399993896484375,2239400.0,123.47401428222656,3.6199951171875,1.8600006103515625,4942600.0
128.36245727539062,1.100006103515625,-0.44000244140625,2219900.0,127.02501678466795,1.17999267578125,-0.1800079345703125,2892600.0,125.9735870361328,1.7400054931640625,1.1399993896484375,2192600.0,126.33326721191406,1.0200042724609375,-0.2400054931640625,1858700.0,125.31868743896484,1.4300079345703125,-0.1999969482421875,2063800.0,125.89976501464844,1.5099945068359375,-0.5,2153900.0,123.88904571533205,2.1399993896484375,0.399993896484375,2239400.0
128.53765869140625,0.760009765625,0.17999267578125,1554400.0,128.36245727539062,1.100006103515625,-0.44000244140625,2219900.0,127.02501678466795,1.17999267578125,-0.1800079345703125,2892600.0,125.9735870361328,1.7400054931640625,1.1399993896484375,2192600.0,126.33326721191406,1.0200042724609375,-0.2400054931640625,1858700.0,125.31868743896484,1.4300079345703125,-0.1999969482421875,2063800.0,125.89976501464844,1.5099945068359375,-0.5,2153900.0
127.8366928100586,1.1599884033203125,0.3799896240234375,4003900.0,128.53765869140625,0.760009765625,0.17999267578125,1554400.0,128.36245727539062,1.100006103515625,-0.44000244140625,2219900.0,127.02501678466795,1.17999267578125,-0.1800079345703125,2892600.0,125.9735870361328,1.7400054931640625,1.1399993896484375,2192600.0,126.33326721191406,1.0200042724609375,-0.2400054931640625,1858700.0,125.31868743896484,1.4300079345703125,-0.1999969482421875,2063800.0
126.82209014892578,1.6399993896484375,1.05999755859375,1669600.0,127.8366928100586,1.1599884033203125,0.3799896240234375,4003900.0,128.53765869140625,0.760009765625,0.17999267578125,1554400.0,128.36245727539062,1.100006103515625,-0.44000244140625,2219900.0,127.02501678466795,1.17999267578125,-0.1800079345703125,2892600.0,125.9735870361328,1.7400054931640625,1.1399993896484375,2192600.0,126.33326721191406,1.0200042724609375,-0.2400054931640625,1858700.0
126.7760009765625,1.350006103515625,0.3300018310546875,2033700.0,126.82209014892578,1.6399993896484375,1.05999755859375,1669600.0,127.8366928100586,1.1599884033203125,0.3799896240234375,4003900.0,128.53765869140625,0.760009765625,0.17999267578125,1554400.0,128.36245727539062,1.100006103515625,-0.44000244140625,2219900.0,127.02501678466795,1.17999267578125,-0.1800079345703125,2892600.0,125.9735870361328,1.7400054931640625,1.1399993896484375,2192600.0
