AdjClose_Lag1,Diff_HighLow_Lag1,Diff_OpenClose_Lag1,Volume_Lag1,AdjClose_Lag2,Diff_HighLow_Lag2,Diff_OpenClose_Lag2,Volume_Lag2,AdjClose_Lag3,Diff_HighLow_Lag3,Diff_OpenClose_Lag3,Volume_Lag3
99.83470916748048,0.43000030517578125,0.02000427246090908,1032500.0,99.7455062866211,0.43000030517580967,0.1699981689452983,1238800.0,99.80794525146484,0.599998474121108,-0.4700012207031108,1379600.0
99.54033660888672,0.6300048828124716,0.3500061035156108,1259100.0,99.83470916748048,0.43000030517578125,0.02000427246090908,1032500.0,99.7455062866211,0.43000030517580967,0.1699981689452983,1238800.0
100.03990173339844,0.5299987792968892,-0.1699981689453125,1378000.0,99.54033660888672,0.6300048828124716,0.3500061035156108,1259100.0,99.83470916748048,0.43000030517578125,0.02000427246090908,1032500.0
99.94176483154295,0.40999603271484375,-0.06999969482421875,1542900.0,100.03990173339844,0.5299987792968892,-0.1699981689453125,1378000.0,99.54033660888672,0.6300048828124716,0.3500061035156108,1259100.0
100.3074722290039,0.5699996948242188,-0.15999603271485796,1442800.0,99.94176483154295,0.40999603271484375,-0.06999969482421875,1542900.0,100.03990173339844,0.5299987792968892,-0.1699981689453125,1378000.0
99.736572265625,0.43000030517575283,0.42000579833982954,1228600.0,100.3074722290039,0.5699996948242188,-0.15999603271485796,1442800.0,99.94176483154295,0.40999603271484375,-0.06999969482421875,1542900.0
99.86148071289062,0.7600021362304688,-0.11000061035157671,2791500.0,99.736572265625,0.43000030517575283,0.42000579833982954,1228600.0,100.3074722290039,0.5699996948242188,-0.15999603271485796,1442800.0
100.1736831665039,0.590003967285142,-0.3800048828124716,972100.0,99.86148071289062,0.7600021362304688,-0.11000061035157671,2791500.0,99.736572265625,0.43000030517575283,0.42000579833982954,1228600.0
100.03095245361328,0.5,-0.1399993896484375,1000600.0,100.1736831665039,0.590003967285142,-0.3800048828124716,972100.0,99.86148071289062,0.7600021362304688,-0.11000061035157671,2791500.0
100.05770874023438,0.48000335693359375,-0.12999725341798296,1102000.0,100.03095245361328,0.5,-0.1399993896484375,1000600.0,100.1736831665039,0.590003967285142,-0.3800048828124716,972100.0
100.3253173828125,0.3399963378906392,0.01000213623046875,3252300.0,100.05770874023438,0.48000335693359375,-0.12999725341798296,1102000.0,100.03095245361328,0.5,-0.1399993896484375,1000600.0
99.76334381103516,0.8700027465820312,0.5900039672851562,2267800.0,100.3253173828125,0.3399963378906392,0.01000213623046875,3252300.0,100.05770874023438,0.48000335693359375,-0.12999725341798296,1102000.0
99.70091247558594,0.5199966430664205,-0.06999969482420454,1205200.0,99.76334381103516,0.8700027465820312,0.5900039672851562,2267800.0,100.3253173828125,0.3399963378906392,0.01000213623046875,3252300.0
99.49574279785156,1.5,0.3300018310547017,1851100.0,99.70091247558594,0.5199966430664205,-0.06999969482420454,1205200.0,99.76334381103516,0.8700027465820312,0.5900039672851562,2267800.0
100.03990173339844,0.6300048828124716,-0.43000030517578125,1071200.0,99.49574279785156,1.5,0.3300018310547017,1851100.0,99.70091247558594,0.5199966430664205,-0.06999969482420454,1205200.0
99.87932586669922,0.6399993896484233,0.19000244140625,1534600.0,100.03990173339844,0.6300048828124716,-0.43000030517578125,1071200.0,99.49574279785156,1.5,0.3300018310547017,1851100.0
99.59386444091795,0.7000045776367045,0.2299957275390483,1393700.0,99.87932586669922,0.6399993896484233,0.19000244140625,1534600.0,100.03990173339844,0.6300048828124716,-0.43000030517578125,1071200.0
99.64739990234376,0.9199981689453125,0.05999755859375,1670900.0,99.59386444091795,0.7000045776367045,0.2299957275390483,1393700.0,99.87932586669922,0.6399993896484233,0.19000244140625,1534600.0
100.15584564208984,0.5900039672851562,-0.08999633789063921,1563200.0,99.64739990234376,0.9199981689453125,0.05999755859375,1670900.0,99.59386444091795,0.7000045776367045,0.2299957275390483,1393700.0
100.44129180908205,0.6000061035156392,-0.1399993896484375,4111700.0,100.15584564208984,0.5900039672851562,-0.08999633789063921,1563200.0,99.64739990234376,0.9199981689453125,0.05999755859375,1670900.0
100.5750961303711,0.45999908447265625,-0.20999908447265625,1590000.0,100.44129180908205,0.6000061035156392,-0.1399993896484375,4111700.0,100.15584564208984,0.5900039672851562,-0.08999633789063921,1563200.0
100.31639099121094,0.40999603271484375,0.1100006103515625,1152400.0,100.5750961303711,0.45999908447265625,-0.20999908447265625,1590000.0,100.44129180908205,0.6000061035156392,-0.1399993896484375,4111700.0
97.81875610351562,2.0800018310546875,2.05999755859375,3337400.0,100.31639099121094,0.40999603271484375,0.1100006103515625,1152400.0,100.5750961303711,0.45999908447265625,-0.20999908447265625,1590000.0
99.18354034423828,2.349998474121108,-2.0,3043500.0,97.81875610351562,2.0800018310546875,2.05999755859375,3337400.0,100.31639099121094,0.40999603271484375,0.1100006103515625,1152400.0
97.63191986083984,1.4400024414062642,1.029998779296875,5122100.0,99.18354034423828,2.349998474121108,-2.0,3043500.0,97.81875610351562,2.0800018310546875,2.05999755859375,3337400.0
97.64088439941406,1.0999984741210938,0.12000274658201704,2041600.0,97.63191986083984,1.4400024414062642,1.029998779296875,5122100.0,99.18354034423828,2.349998474121108,-2.0,3043500.0
98.64482879638672,1.510002136230483,-1.1900024414062358,2960400.0,97.64088439941406,1.0999984741210938,0.12000274658201704,2041600.0,97.63191986083984,1.4400024414062642,1.029998779296875,5122100.0
98.25041198730467,0.5499954223632812,0.1399993896484375,2779400.0,98.64482879638672,1.510002136230483,-1.1900024414062358,2960400.0,97.64088439941406,1.0999984741210938,0.12000274658201704,2041600.0
98.39383697509766,0.9800033569335938,0.42000579833982954,3430200.0,98.25041198730467,0.5499954223632812,0.1399993896484375,2779400.0,98.64482879638672,1.510002136230483,-1.1900024414062358,2960400.0
98.34903717041016,0.6399993896484375,0.5699996948242188,1603400.0,98.39383697509766,0.9800033569335938,0.42000579833982954,3430200.0,98.25041198730467,0.5499954223632812,0.1399993896484375,2779400.0
99.47845458984376,1.370002746582017,-0.8700027465820312,1971800.0,98.34903717041016,0.6399993896484375,0.5699996948242188,1603400.0,98.39383697509766,0.9800033569335938,0.42000579833982954,3430200.0
100.20450592041016,0.3899993896484517,-0.1600036621093892,1525300.0,99.47845458984376,1.370002746582017,-0.8700027465820312,1971800.0,98.34903717041016,0.6399993896484375,0.5699996948242188,1603400.0
99.6308135986328,0.5699996948242188,0.43999481201171875,1531900.0,100.20450592041016,0.3899993896484517,-0.1600036621093892,1525300.0,99.47845458984376,1.370002746582017,-0.8700027465820312,1971800.0
98.8420181274414,0.6600036621093892,0.37000274658203125,2136700.0,99.6308135986328,0.5699996948242188,0.43999481201171875,1531900.0,100.20450592041016,0.3899993896484517,-0.1600036621093892,1525300.0
99.40673065185548,0.9599990844726847,-0.6699981689453125,1292400.0,98.8420181274414,0.6600036621093892,0.37000274658203125,2136700.0,99.6308135986328,0.5699996948242188,0.43999481201171875,1531900.0
99.9893798828125,1.1399993896484375,-0.4900054931640341,1439800.0,99.40673065185548,0.9599990844726847,-0.6699981689453125,1292400.0,98.8420181274414,0.6600036621093892,0.37000274658203125,2136700.0
99.01233673095705,1.4500045776367188,1.0200042724609375,2037100.0,99.9893798828125,1.1399993896484375,-0.4900054931640341,1439800.0,99.40673065185548,0.9599990844726847,-0.6699981689453125,1292400.0
99.79216766357422,0.9599990844726562,-0.3600006103515483,1722500.0,99.01233673095705,1.4500045776367188,1.0200042724609375,2037100.0,99.9893798828125,1.1399993896484375,-0.4900054931640341,1439800.0
99.4874038696289,0.6000061035156392,0.09999847412110796,2207600.0,99.79216766357422,0.9599990844726562,-0.3600006103515483,1722500.0,99.01233673095705,1.4500045776367188,1.0200042724609375,2037100.0
99.0392074584961,1.1200027465820312,0.6300048828125284,2701100.0,99.4874038696289,0.6000061035156392,0.09999847412110796,2207600.0,99.79216766357422,0.9599990844726562,-0.3600006103515483,1722500.0
99.42465209960938,0.6300048828125,-0.1399993896484517,2119000.0,99.0392074584961,1.1200027465820312,0.6300048828125284,2701100.0,99.4874038696289,0.6000061035156392,0.09999847412110796,2207600.0
99.46051788330078,0.6999969482421875,-0.20999908447265625,1067600.0,99.42465209960938,0.6300048828125,-0.1399993896484517,2119000.0,99.0392074584961,1.1200027465820312,0.6300048828125284,2701100.0
99.08405303955078,1.1700057983398295,0.6100006103515625,1770400.0,99.46051788330078,0.6999969482421875,-0.20999908447265625,1067600.0,99.42465209960938,0.6300048828125,-0.1399993896484517,2119000.0
99.62187957763672,0.900001525878892,-0.5999984741210938,1135000.0,99.08405303955078,1.1700057983398295,0.6100006103515625,1770400.0,99.46051788330078,0.6999969482421875,-0.20999908447265625,1067600.0
98.29525756835938,1.7099990844726847,1.2799987792968608,1996900.0,99.62187957763672,0.900001525878892,-0.5999984741210938,1135000.0,99.08405303955078,1.1700057983398295,0.6100006103515625,1770400.0
98.41177368164062,0.6699981689452983,-0.01000213623046875,1849100.0,98.29525756835938,1.7099990844726847,1.2799987792968608,1996900.0,99.62187957763672,0.900001525878892,-0.5999984741210938,1135000.0
98.06217956542967,1.2399978637695312,-0.3899993896484233,1986200.0,98.41177368164062,0.6699981689452983,-0.01000213623046875,1849100.0,98.29525756835938,1.7099990844726847,1.2799987792968608,1996900.0
98.0353012084961,0.9599990844726562,0.6299972534179545,2673900.0,98.06217956542967,1.2399978637695312,-0.3899993896484233,1986200.0,98.41177368164062,0.6699981689452983,-0.01000213623046875,1849100.0
97.7574462890625,0.599998474121108,0.31999969482419033,2507700.0,98.0353012084961,0.9599990844726562,0.6299972534179545,2673900.0,98.06217956542967,1.2399978637695312,-0.3899993896484233,1986200.0
98.3310775756836,0.529998779296875,0.220001220703125,1635200.0,97.7574462890625,0.599998474121108,0.31999969482419033,2507700.0,98.0353012084961,0.9599990844726562,0.6299972534179545,2673900.0
98.64482879638672,0.6299972534179545,-0.1100006103515625,1408200.0,98.3310775756836,0.529998779296875,0.220001220703125,1635200.0,97.7574462890625,0.599998474121108,0.31999969482419033,2507700.0
98.4565658569336,0.75,0.06000518798828125,2017000.0,98.64482879638672,0.6299972534179545,-0.1100006103515625,1408200.0,98.3310775756836,0.529998779296875,0.220001220703125,1635200.0
98.4207534790039,0.7000045776367045,-0.3899993896484233,1234400.0,98.4565658569336,0.75,0.06000518798828125,2017000.0,98.64482879638672,0.6299972534179545,-0.1100006103515625,1408200.0
98.91371154785156,0.4700012207031392,0.04000091552734375,2004700.0,98.4207534790039,0.7000045776367045,-0.3899993896484233,1234400.0,98.4565658569336,0.75,0.06000518798828125,2017000.0
98.49244689941406,0.5400009155273295,0.37000274658204546,2079100.0,98.91371154785156,0.4700012207031392,0.04000091552734375,2004700.0,98.4207534790039,0.7000045776367045,-0.3899993896484233,1234400.0
98.19666290283205,0.709999084472642,-0.08000183105467329,1827200.0,98.49244689941406,0.5400009155273295,0.37000274658204546,2079100.0,98.91371154785156,0.4700012207031392,0.04000091552734375,2004700.0
97.86499786376952,0.9199981689453267,0.8199996948242188,1597800.0,98.19666290283205,0.709999084472642,-0.08000183105467329,1827200.0,98.49244689941406,0.5400009155273295,0.37000274658204546,2079100.0
97.54229736328124,1.0899963378906392,0.29000091552734375,2868100.0,97.86499786376952,0.9199981689453267,0.8199996948242188,1597800.0,98.19666290283205,0.709999084472642,-0.08000183105467329,1827200.0
97.60506439208984,0.40000152587889204,0.1600036621093608,1913600.0,97.54229736328124,1.0899963378906392,0.29000091552734375,2868100.0,97.86499786376952,0.9199981689453267,0.8199996948242188,1597800.0
96.8790054321289,1.8000030517577983,1.0199966430664205,3169800.0,97.60506439208984,0.40000152587889204,0.1600036621093608,1913600.0,97.54229736328124,1.0899963378906392,0.29000091552734375,2868100.0
96.20671844482422,0.9700012207031108,0.5400009155273722,2957400.0,96.8790054321289,1.8000030517577983,1.0199966430664205,3169800.0,97.60506439208984,0.40000152587889204,0.1600036621093608,1913600.0
95.78541564941406,0.9199981689452983,0.5599975585937642,2096400.0,96.20671844482422,0.9700012207031108,0.5400009155273722,2957400.0,96.8790054321289,1.8000030517577983,1.0199966430664205,3169800.0
95.72269439697266,0.8199996948242472,0.09999847412109375,2805400.0,95.78541564941406,0.9199981689452983,0.5599975585937642,2096400.0,96.20671844482422,0.9700012207031108,0.5400009155273722,2957400.0
97.83811950683594,0.9599990844726705,-0.7399978637695312,2527700.0,95.72269439697266,0.8199996948242472,0.09999847412109375,2805400.0,95.78541564941406,0.9199981689452983,0.5599975585937642,2096400.0
98.25939178466795,1.2599945068359233,-0.6100006103515625,2074200.0,97.83811950683594,0.9599990844726705,-0.7399978637695312,2527700.0,95.72269439697266,0.8199996948242472,0.09999847412109375,2805400.0
99.47845458984376,2.8300018310546733,-2.2100067138671875,6482000.0,98.25939178466795,1.2599945068359233,-0.6100006103515625,2074200.0,97.83811950683594,0.9599990844726705,-0.7399978637695312,2527700.0
99.82801818847656,1.6499938964843608,0.21999359130857954,5083500.0,99.47845458984376,2.8300018310546733,-2.2100067138671875,6482000.0,98.25939178466795,1.2599945068359233,-0.6100006103515625,2074200.0
99.86387634277344,0.8199996948242472,-0.410003662109375,4005200.0,99.82801818847656,1.6499938964843608,0.21999359130857954,5083500.0,99.47845458984376,2.8300018310546733,-2.2100067138671875,6482000.0
100.12384033203124,0.7600021362304545,0.08000183105467329,5234000.0,99.86387634277344,0.8199996948242472,-0.410003662109375,4005200.0,99.82801818847656,1.6499938964843608,0.21999359130857954,5083500.0
100.90367126464844,0.8399963378906108,-0.529998779296875,6037200.0,100.12384033203124,0.7600021362304545,0.08000183105467329,5234000.0,99.86387634277344,0.8199996948242472,-0.410003662109375,4005200.0
100.76023864746094,0.3899993896484375,-0.04000091552732954,7113900.0,100.90367126464844,0.8399963378906108,-0.529998779296875,6037200.0,100.12384033203124,0.7600021362304545,0.08000183105467329,5234000.0
101.27118682861328,0.69000244140625,-0.45000457763671875,1874800.0,100.76023864746094,0.3899993896484375,-0.04000091552732954,7113900.0,100.90367126464844,0.8399963378906108,-0.529998779296875,6037200.0
101.08294677734376,0.45000457763671875,0.28000640869139204,2298200.0,101.27118682861328,0.69000244140625,-0.45000457763671875,1874800.0,100.76023864746094,0.3899993896484375,-0.04000091552732954,7113900.0
101.84486389160156,0.7599945068359091,-0.5,2493900.0,101.08294677734376,0.45000457763671875,0.28000640869139204,2298200.0,101.27118682861328,0.69000244140625,-0.45000457763671875,1874800.0
102.1406478881836,0.599998474121108,-0.06999969482424717,2673200.0,101.84486389160156,0.7599945068359091,-0.5,2493900.0,101.08294677734376,0.45000457763671875,0.28000640869139204,2298200.0
102.28406524658205,0.6300048828125284,-0.3899993896484375,1818700.0,102.1406478881836,0.599998474121108,-0.06999969482424717,2673200.0,101.84486389160156,0.7599945068359091,-0.5,2493900.0
102.67848205566406,0.34000396728514204,-0.20000457763670454,889800.0,102.28406524658205,0.6300048828125284,-0.3899993896484375,1818700.0,102.1406478881836,0.599998474121108,-0.06999969482424717,2673200.0
102.08687591552734,0.6100006103515767,0.43000030517578125,1849800.0,102.67848205566406,0.34000396728514204,-0.20000457763670454,889800.0,102.28406524658205,0.6300048828125284,-0.3899993896484375,1818700.0
102.23027801513672,0.6699981689453125,-0.15000152587889204,1544200.0,102.08687591552734,0.6100006103515767,0.43000030517578125,1849800.0,102.67848205566406,0.34000396728514204,-0.20000457763670454,889800.0
101.98825073242188,0.7700042724609233,0.69000244140625,4406200.0,102.23027801513672,0.6699981689453125,-0.15000152587889204,1544200.0,102.08687591552734,0.6100006103515767,0.43000030517578125,1849800.0
101.56694793701172,0.9599990844726562,0.7200012207031108,2601100.0,101.98825073242188,0.7700042724609233,0.69000244140625,4406200.0,102.23027801513672,0.6699981689453125,-0.15000152587889204,1544200.0
101.56694793701172,0.5199966430664205,0.02999877929686079,1755900.0,101.56694793701172,0.9599990844726562,0.7200012207031108,2601100.0,101.98825073242188,0.7700042724609233,0.69000244140625,4406200.0
102.27510833740234,0.6000061035156392,-0.1999969482421875,3842900.0,101.56694793701172,0.5199966430664205,0.02999877929686079,1755900.0,101.56694793701172,0.9599990844726562,0.7200012207031108,2601100.0
102.79497528076172,0.69000244140625,-0.34000396728515625,2357100.0,102.27510833740234,0.6000061035156392,-0.1999969482421875,3842900.0,101.56694793701172,0.5199966430664205,0.02999877929686079,1755900.0
104.06784057617188,1.6800003051757528,-1.4700012207031392,4000000.0,102.79497528076172,0.69000244140625,-0.34000396728515625,2357100.0,102.27510833740234,0.6000061035156392,-0.1999969482421875,3842900.0
104.4442901611328,0.8799972534179688,-0.339996337890625,2679400.0,104.06784057617188,1.6800003051757528,-1.4700012207031392,4000000.0,102.79497528076172,0.69000244140625,-0.34000396728515625,2357100.0
105.0090103149414,0.5299987792968608,-0.3800048828125,2310200.0,104.4442901611328,0.8799972534179688,-0.339996337890625,2679400.0,104.06784057617188,1.6800003051757528,-1.4700012207031392,4000000.0
104.74010467529295,0.7600021362304688,0.2700042724609517,4224500.0,105.0090103149414,0.5299987792968608,-0.3800048828125,2310200.0,104.4442901611328,0.8799972534179688,-0.339996337890625,2679400.0
105.349609375,0.6600036621093892,-0.2299957275390767,4393900.0,104.74010467529295,0.7600021362304688,0.2700042724609517,4224500.0,105.0090103149414,0.5299987792968608,-0.3800048828125,2310200.0
104.39948272705078,1.5,1.0100021362304688,3885400.0,105.349609375,0.6600036621093892,-0.2299957275390767,4393900.0,104.74010467529295,0.7600021362304688,0.2700042724609517,4224500.0
104.82972717285156,1.029998779296875,-0.3899993896484375,3343100.0,104.39948272705078,1.5,1.0100021362304688,3885400.0,105.349609375,0.6600036621093892,-0.2299957275390767,4393900.0
104.66838073730467,0.7900009155273295,0.5,1991600.0,104.82972717285156,1.029998779296875,-0.3899993896484375,3343100.0,104.39948272705078,1.5,1.0100021362304688,3885400.0
104.96420288085938,0.5199966430664205,-0.1399993896484375,2405700.0,104.66838073730467,0.7900009155273295,0.5,1991600.0,104.82972717285156,1.029998779296875,-0.3899993896484375,3343100.0
105.41246795654295,0.3300018310546875,0.009994506835909078,2942400.0,104.96420288085938,0.5199966430664205,-0.1399993896484375,2405700.0,104.66838073730467,0.7900009155273295,0.5,1991600.0
105.11481475830078,0.37999725341798296,0.3300018310547017,2248600.0,105.41246795654295,0.3300018310546875,0.009994506835909078,2942400.0,104.96420288085938,0.5199966430664205,-0.1399993896484375,2405700.0
104.84423828125,0.5299987792968892,0.18000030517580967,3105800.0,105.11481475830078,0.37999725341798296,0.3300018310547017,2248600.0,105.41246795654295,0.3300018310546875,0.009994506835909078,2942400.0
105.00657653808594,0.29000091552737217,-0.18999481201173296,2325800.0,104.84423828125,0.5299987792968892,0.18000030517580967,3105800.0,105.11481475830078,0.37999725341798296,0.3300018310547017,2248600.0
105.26812744140624,0.48999786376951704,-0.1399993896484375,3386800.0,105.00657653808594,0.29000091552737217,-0.18999481201173296,2325800.0,104.84423828125,0.5299987792968892,0.18000030517580967,3105800.0
104.39325714111328,1.2699966430664062,1.1399993896484375,2591000.0,105.26812744140624,0.48999786376951704,-0.1399993896484375,3386800.0,105.00657653808594,0.29000091552737217,-0.18999481201173296,2325800.0
104.40228271484376,0.55999755859375,-0.01000213623048296,1622700.0,104.39325714111328,1.2699966430664062,1.1399993896484375,2591000.0,105.26812744140624,0.48999786376951704,-0.1399993896484375,3386800.0
104.01444244384766,1.0400009155273438,0.6800003051757812,2909900.0,104.40228271484376,0.55999755859375,-0.01000213623048296,1622700.0,104.39325714111328,1.2699966430664062,1.1399993896484375,2591000.0
104.80814361572266,1.0600051879882812,-0.04999542236329546,2731600.0,104.01444244384766,1.0400009155273438,0.6800003051757812,2909900.0,104.40228271484376,0.55999755859375,-0.01000213623048296,1622700.0
105.61090850830078,0.7700042724609091,-0.6199951171875,3228700.0,104.80814361572266,1.0600051879882812,-0.04999542236329546,2731600.0,104.01444244384766,1.0400009155273438,0.6800003051757812,2909900.0
105.4034423828125,0.6899948120117188,0.08999633789063921,2604000.0,105.61090850830078,0.7700042724609091,-0.6199951171875,3228700.0,104.80814361572266,1.0600051879882812,-0.04999542236329546,2731600.0
105.7371826171875,0.8799972534179688,-0.2100067138671875,2317600.0,105.4034423828125,0.6899948120117188,0.08999633789063921,2604000.0,105.61090850830078,0.7700042724609091,-0.6199951171875,3228700.0
105.33129119873048,0.40000152587892046,0.31999969482421875,2461400.0,105.7371826171875,0.8799972534179688,-0.2100067138671875,2317600.0,105.4034423828125,0.6899948120117188,0.08999633789063921,2604000.0
105.41246795654295,0.739997863769517,-0.1100006103515625,2055300.0,105.33129119873048,0.40000152587892046,0.31999969482421875,2461400.0,105.7371826171875,0.8799972534179688,-0.2100067138671875,2317600.0
105.74618530273438,0.75,-0.32999420166014204,2751800.0,105.41246795654295,0.739997863769517,-0.1100006103515625,2055300.0,105.33129119873048,0.40000152587892046,0.31999969482421875,2461400.0
105.46658325195312,1.0299987792968608,0.1100006103515625,2342300.0,105.74618530273438,0.75,-0.32999420166014204,2751800.0,105.41246795654295,0.739997863769517,-0.1100006103515625,2055300.0
105.72814178466795,0.4199981689453125,-0.23000335693360796,2031800.0,105.46658325195312,1.0299987792968608,0.1100006103515625,2342300.0,105.74618530273438,0.75,-0.32999420166014204,2751800.0
105.25911712646484,0.5899963378906392,0.1600036621093608,2583600.0,105.72814178466795,0.4199981689453125,-0.23000335693360796,2031800.0,105.46658325195312,1.0299987792968608,0.1100006103515625,2342300.0
105.5026626586914,0.5199966430664062,-0.1699981689453267,1901700.0,105.25911712646484,0.5899963378906392,0.1600036621093608,2583600.0,105.72814178466795,0.4199981689453125,-0.23000335693360796,2031800.0
105.08777618408205,0.9000015258789205,0.519996643066392,1899300.0,105.5026626586914,0.5199966430664062,-0.1699981689453267,1901700.0,105.25911712646484,0.5899963378906392,0.1600036621093608,2583600.0
105.44854736328124,0.6400070190429688,-0.07000732421875,2636100.0,105.08777618408205,0.9000015258789205,0.519996643066392,1899300.0,105.5026626586914,0.5199966430664062,-0.1699981689453267,1901700.0
105.16893768310548,0.8000030517577983,0.15000152587890625,1938900.0,105.44854736328124,0.6400070190429688,-0.07000732421875,2636100.0,105.08777618408205,0.9000015258789205,0.519996643066392,1899300.0
105.98971557617188,1.0,-0.6900024414062642,2165400.0,105.16893768310548,0.8000030517577983,0.15000152587890625,1938900.0,105.44854736328124,0.6400070190429688,-0.07000732421875,2636100.0
106.90070343017578,0.6199951171875284,-0.5,2427800.0,105.98971557617188,1.0,-0.6900024414062642,2165400.0,105.16893768310548,0.8000030517577983,0.15000152587890625,1938900.0
106.74736785888672,0.3899993896484517,0.20999908447267046,2178500.0,106.90070343017578,0.6199951171875284,-0.5,2427800.0,105.98971557617188,1.0,-0.6900024414062642,2165400.0
106.57601928710938,0.4600067138671875,0.2899932861328267,1479500.0,106.74736785888672,0.3899993896484517,0.20999908447267046,2178500.0,106.90070343017578,0.6199951171875284,-0.5,2427800.0
105.85442352294922,1.120002746582017,0.37000274658203125,3006100.0,106.57601928710938,0.4600067138671875,0.2899932861328267,1479500.0,106.74736785888672,0.3899993896484517,0.20999908447267046,2178500.0
105.94461059570312,0.7299957275390625,-0.45999908447265625,3309700.0,105.85442352294922,1.120002746582017,0.37000274658203125,3006100.0,106.57601928710938,0.4600067138671875,0.2899932861328267,1479500.0
105.93560028076172,0.970001220703125,0.4100036621093608,2614500.0,105.94461059570312,0.7299957275390625,-0.45999908447265625,3309700.0,105.85442352294922,1.120002746582017,0.37000274658203125,3006100.0
106.00774383544922,0.7000045776367188,-0.31999969482421875,1745200.0,105.93560028076172,0.970001220703125,0.4100036621093608,2614500.0,105.94461059570312,0.7299957275390625,-0.45999908447265625,3309700.0
106.8105010986328,0.5999984741210795,-0.43000030517580967,1837600.0,106.00774383544922,0.7000045776367188,-0.31999969482421875,1745200.0,105.93560028076172,0.970001220703125,0.4100036621093608,2614500.0
106.55796813964844,0.4700012207031392,0.12000274658204546,1598800.0,106.8105010986328,0.5999984741210795,-0.43000030517580967,1837600.0,106.00774383544922,0.7000045776367188,-0.31999969482421875,1745200.0
106.54894256591795,0.5699996948242188,0.3000030517578267,3365700.0,106.55796813964844,0.4700012207031392,0.12000274658204546,1598800.0,106.8105010986328,0.5999984741210795,-0.43000030517580967,1837600.0
106.66617584228516,0.629997253417983,-0.13000488281252842,1836000.0,106.54894256591795,0.5699996948242188,0.3000030517578267,3365700.0,106.55796813964844,0.4700012207031392,0.12000274658204546,1598800.0
107.3697509765625,0.9499969482421733,-0.7799987792968608,1635300.0,106.66617584228516,0.629997253417983,-0.13000488281252842,1836000.0,106.54894256591795,0.5699996948242188,0.3000030517578267,3365700.0
107.8207015991211,0.48999786376954546,-0.25,1837800.0,107.3697509765625,0.9499969482421733,-0.7799987792968608,1635300.0,106.66617584228516,0.629997253417983,-0.13000488281252842,1836000.0
108.36188507080078,0.45999908447262783,-0.2200012207031108,1985500.0,107.8207015991211,0.48999786376954546,-0.25,1837800.0,107.3697509765625,0.9499969482421733,-0.7799987792968608,1635300.0
108.7587661743164,0.7799987792968608,-0.48000335693357954,2051200.0,108.36188507080078,0.45999908447262783,-0.2200012207031108,1985500.0,107.8207015991211,0.48999786376954546,-0.25,1837800.0
109.35404205322266,0.900001525878892,-0.6699981689452983,1998200.0,108.7587661743164,0.7799987792968608,-0.48000335693357954,2051200.0,108.36188507080078,0.45999908447262783,-0.2200012207031108,1985500.0
109.25484466552734,0.730003356933608,0.12000274658204546,2034600.0,109.35404205322266,0.900001525878892,-0.6699981689452983,1998200.0,108.7587661743164,0.7799987792968608,-0.48000335693357954,2051200.0
109.4171905517578,0.6499938964843892,-0.6499938964843892,1948400.0,109.25484466552734,0.730003356933608,0.12000274658204546,2034600.0,109.35404205322266,0.900001525878892,-0.6699981689452983,1998200.0
110.0666046142578,0.739997863769517,-0.4799957275390767,2422800.0,109.4171905517578,0.6499938964843892,-0.6499938964843892,1948400.0,109.25484466552734,0.730003356933608,0.12000274658204546,2034600.0
109.92228698730467,0.34999847412109375,-0.05000305175782671,1974000.0,110.0666046142578,0.739997863769517,-0.4799957275390767,2422800.0,109.4171905517578,0.6499938964843892,-0.6499938964843892,1948400.0
109.84111785888672,0.910003662109375,0.43000030517578125,2024900.0,109.92228698730467,0.34999847412109375,-0.05000305175782671,1974000.0,110.0666046142578,0.739997863769517,-0.4799957275390767,2422800.0
110.02152252197266,0.75,-0.6000061035156392,2962900.0,109.84111785888672,0.910003662109375,0.43000030517578125,2024900.0,109.92228698730467,0.34999847412109375,-0.05000305175782671,1974000.0
110.2650375366211,0.6200027465820455,-0.3300018310546733,2625100.0,110.02152252197266,0.75,-0.6000061035156392,2962900.0,109.84111785888672,0.910003662109375,0.43000030517578125,2024900.0
109.85914611816406,0.5699996948242188,0.37999725341798296,2231800.0,110.2650375366211,0.6200027465820455,-0.3300018310546733,2625100.0,110.02152252197266,0.75,-0.6000061035156392,2962900.0
111.33837127685548,1.0800018310546875,-0.6300048828124716,2874400.0,109.85914611816406,0.5699996948242188,0.37999725341798296,2231800.0,110.2650375366211,0.6200027465820455,-0.3300018310546733,2625100.0
110.62581634521484,0.8099975585937642,0.7699966430664205,2421400.0,111.33837127685548,1.0800018310546875,-0.6300048828124716,2874400.0,109.85914611816406,0.5699996948242188,0.37999725341798296,2231800.0
110.71599578857422,0.470001220703125,-0.12000274658204546,1651200.0,110.62581634521484,0.8099975585937642,0.7699966430664205,2421400.0,111.33837127685548,1.0800018310546875,-0.6300048828124716,2874400.0
110.28307342529295,0.5800018310546875,0.2100067138671875,1716200.0,110.71599578857422,0.470001220703125,-0.12000274658204546,1651200.0,110.62581634521484,0.8099975585937642,0.7699966430664205,2421400.0
109.9312973022461,0.5400009155273438,0.3300018310547017,1612500.0,110.28307342529295,0.5800018310546875,0.2100067138671875,1716200.0,110.71599578857422,0.470001220703125,-0.12000274658204546,1651200.0
109.6246337890625,0.7099990844726562,0.4499969482421733,2374200.0,109.9312973022461,0.5400009155273438,0.3300018310547017,1612500.0,110.28307342529295,0.5800018310546875,0.2100067138671875,1716200.0
109.67874908447266,0.8700027465820312,0.0,3852800.0,109.6246337890625,0.7099990844726562,0.4499969482421733,2374200.0,109.9312973022461,0.5400009155273438,0.3300018310547017,1612500.0
110.07559967041016,0.7900009155273438,0.15000152587889204,2987300.0,109.67874908447266,0.8700027465820312,0.0,3852800.0,109.6246337890625,0.7099990844726562,0.4499969482421733,2374200.0
110.1567840576172,0.3000030517578125,-0.06999969482419033,2003900.0,110.07559967041016,0.7900009155273438,0.15000152587889204,2987300.0,109.67874908447266,0.8700027465820312,0.0,3852800.0
109.75993347167967,0.6300048828125284,0.18000030517580967,2269500.0,110.1567840576172,0.3000030517578125,-0.06999969482419033,2003900.0,110.07559967041016,0.7900009155273438,0.15000152587889204,2987300.0
110.75208282470705,1.1500015258789062,-0.80999755859375,1892200.0,109.75993347167967,0.6300048828125284,0.18000030517580967,2269500.0,110.1567840576172,0.3000030517578125,-0.06999969482419033,2003900.0
110.61677551269533,0.5699996948242188,0.31999969482421875,2050100.0,110.75208282470705,1.1500015258789062,-0.80999755859375,1892200.0,109.75993347167967,0.6300048828125284,0.18000030517580967,2269500.0
110.55365753173828,0.43000030517575283,0.26999664306640625,1974000.0,110.61677551269533,0.5699996948242188,0.31999969482421875,2050100.0,110.75208282470705,1.1500015258789062,-0.80999755859375,1892200.0
110.2920913696289,0.5500030517578267,0.23000335693360796,3239900.0,110.55365753173828,0.43000030517575283,0.26999664306640625,1974000.0,110.61677551269533,0.5699996948242188,0.31999969482421875,2050100.0
108.74972534179688,2.279998779296889,2.120002746582017,3355100.0,110.2920913696289,0.5500030517578267,0.23000335693360796,3239900.0,110.55365753173828,0.43000030517575283,0.26999664306640625,1974000.0
108.89405059814452,0.8100051879882812,-0.25,2896300.0,108.74972534179688,2.279998779296889,2.120002746582017,3355100.0,110.2920913696289,0.5500030517578267,0.23000335693360796,3239900.0
108.85797882080078,0.9199981689453125,-0.02999877929686079,2257100.0,108.89405059814452,0.8100051879882812,-0.25,2896300.0,108.74972534179688,2.279998779296889,2.120002746582017,3355100.0
108.86886596679688,1.079994201660142,0.2599945068359517,2305400.0,108.85797882080078,0.9199981689453125,-0.02999877929686079,2257100.0,108.89405059814452,0.8100051879882812,-0.25,2896300.0
108.74199676513672,1.3000030517577983,-0.839996337890625,2927700.0,108.86886596679688,1.079994201660142,0.2599945068359517,2305400.0,108.85797882080078,0.9199981689453125,-0.02999877929686079,2257100.0
109.50306701660156,1.3600006103515625,-0.9000015258789062,2699200.0,108.74199676513672,1.3000030517577983,-0.839996337890625,2927700.0,108.86886596679688,1.079994201660142,0.2599945068359517,2305400.0
109.70240020751952,0.6500015258789205,-0.20000457763671875,3196500.0,109.50306701660156,1.3600006103515625,-0.9000015258789062,2699200.0,108.74199676513672,1.3000030517577983,-0.839996337890625,2927700.0
110.11009216308594,0.6300048828125284,-0.3899993896484375,2076900.0,109.70240020751952,0.6500015258789205,-0.20000457763671875,3196500.0,109.50306701660156,1.3600006103515625,-0.9000015258789062,2699200.0
109.91983032226562,0.45999908447264204,0.09999847412110796,1815900.0,110.11009216308594,0.6300048828125284,-0.3899993896484375,2076900.0,109.70240020751952,0.6500015258789205,-0.20000457763671875,3196500.0
109.6480484008789,1.1699981689453267,0.43000030517579546,3103100.0,109.91983032226562,0.45999908447264204,0.09999847412110796,1815900.0,110.11009216308594,0.6300048828125284,-0.3899993896484375,2076900.0
109.70240020751952,0.470001220703125,-0.1900024414062358,2462600.0,109.6480484008789,1.1699981689453267,0.43000030517579546,3103100.0,109.91983032226562,0.45999908447264204,0.09999847412110796,1815900.0
109.25843048095705,1.5799942016601705,0.900001525878892,3905800.0,109.70240020751952,0.470001220703125,-0.1900024414062358,2462600.0,109.6480484008789,1.1699981689453267,0.43000030517579546,3103100.0
109.60272216796876,0.8800048828125284,-0.2799987792968892,2056100.0,109.25843048095705,1.5799942016601705,0.900001525878892,3905800.0,109.70240020751952,0.470001220703125,-0.1900024414062358,2462600.0
109.52117919921876,0.7000045776367188,-0.04000091552732954,1997000.0,109.60272216796876,0.8800048828125284,-0.2799987792968892,2056100.0,109.25843048095705,1.5799942016601705,0.900001525878892,3905800.0
109.65707397460938,0.8100051879882812,0.01000213623046875,1669500.0,109.52117919921876,0.7000045776367188,-0.04000091552732954,1997000.0,109.60272216796876,0.8800048828125284,-0.2799987792968892,2056100.0
109.62085723876952,0.9400024414062358,-0.11999511718747158,2895500.0,109.65707397460938,0.8100051879882812,0.01000213623046875,1669500.0,109.52117919921876,0.7000045776367188,-0.04000091552732954,1997000.0
109.0591049194336,0.7599945068359233,0.5099945068359091,1967200.0,109.62085723876952,0.9400024414062358,-0.11999511718747158,2895500.0,109.65707397460938,0.8100051879882812,0.01000213623046875,1669500.0
108.31616973876952,1.009994506835966,0.599998474121108,2852200.0,109.0591049194336,0.7599945068359233,0.5099945068359091,1967200.0,109.62085723876952,0.9400024414062358,-0.11999511718747158,2895500.0
109.25843048095705,0.9300003051757812,-0.7099990844726705,3198700.0,108.31616973876952,1.009994506835966,0.599998474121108,2852200.0,109.0591049194336,0.7599945068359233,0.5099945068359091,1967200.0
109.02285766601562,0.720001220703125,-0.13000488281247158,1865800.0,109.25843048095705,0.9300003051757812,-0.7099990844726705,3198700.0,108.31616973876952,1.009994506835966,0.599998474121108,2852200.0
108.9322509765625,0.8399963378906534,0.48999786376953125,1806900.0,109.02285766601562,0.720001220703125,-0.13000488281247158,1865800.0,109.25843048095705,0.9300003051757812,-0.7099990844726705,3198700.0
109.82923126220705,1.0599975585937358,-0.6300048828125,1783400.0,108.9322509765625,0.8399963378906534,0.48999786376953125,1806900.0,109.02285766601562,0.720001220703125,-0.13000488281247158,1865800.0
109.47586822509766,0.5999984741210938,0.37999725341798296,2006500.0,109.82923126220705,1.0599975585937358,-0.6300048828125,1783400.0,108.9322509765625,0.8399963378906534,0.48999786376953125,1806900.0
110.63560485839844,0.40000152587892046,0.05999755859376421,2178800.0,109.47586822509766,0.5999984741210938,0.37999725341798296,2006500.0,109.82923126220705,1.0599975585937358,-0.6300048828125,1783400.0
111.3241729736328,0.5699996948242188,-0.31000518798828125,2145200.0,110.63560485839844,0.40000152587892046,0.05999755859376421,2178800.0,109.47586822509766,0.5999984741210938,0.37999725341798296,2006500.0
111.35138702392578,0.599998474121108,0.0,3080100.0,111.3241729736328,0.5699996948242188,-0.31000518798828125,2145200.0,110.63560485839844,0.40000152587892046,0.05999755859376421,2178800.0
111.46009826660156,0.5199966430664205,0.10000610351563921,1868200.0,111.35138702392578,0.599998474121108,0.0,3080100.0,111.3241729736328,0.5699996948242188,-0.31000518798828125,2145200.0
111.08861541748048,0.659996032714858,0.5500030517578125,1795800.0,111.46009826660156,0.5199966430664205,0.10000610351563921,1868200.0,111.35138702392578,0.599998474121108,0.0,3080100.0
111.37855529785156,0.5699996948241903,0.0,1983100.0,111.08861541748048,0.659996032714858,0.5500030517578125,1795800.0,111.46009826660156,0.5199966430664205,0.10000610351563921,1868200.0
111.37855529785156,0.5500030517577983,0.15999603271484375,1756900.0,111.37855529785156,0.5699996948241903,0.0,1983100.0,111.08861541748048,0.659996032714858,0.5500030517578125,1795800.0
111.10672760009766,0.5,-0.04000091552732954,3691000.0,111.37855529785156,0.5500030517577983,0.15999603271484375,1756900.0,111.37855529785156,0.5699996948241903,0.0,1983100.0
111.18828582763672,0.6699981689452983,0.11000061035154829,1564300.0,111.10672760009766,0.5,-0.04000091552732954,3691000.0,111.37855529785156,0.5500030517577983,0.15999603271484375,1756900.0
111.74097442626952,0.650001525878892,-0.3800048828124716,2057700.0,111.18828582763672,0.6699981689452983,0.11000061035154829,1564300.0,111.10672760009766,0.5,-0.04000091552732954,3691000.0
111.56883239746094,0.5499954223632955,0.220001220703125,2150900.0,111.74097442626952,0.650001525878892,-0.3800048828124716,2057700.0,111.18828582763672,0.6699981689452983,0.11000061035154829,1564300.0
111.53260040283205,0.5800018310546875,0.26000213623046875,1846200.0,111.56883239746094,0.5499954223632955,0.220001220703125,2150900.0,111.74097442626952,0.650001525878892,-0.3800048828124716,2057700.0
111.7772216796875,0.4499969482421733,-0.28000640869142046,1468500.0,111.53260040283205,0.5800018310546875,0.26000213623046875,1846200.0,111.56883239746094,0.5499954223632955,0.220001220703125,2150900.0
111.45104217529295,0.7999954223632812,0.00999450683592329,1499600.0,111.7772216796875,0.4499969482421733,-0.28000640869142046,1468500.0,111.53260040283205,0.5800018310546875,0.26000213623046875,1846200.0
111.2335968017578,0.31000518798828125,0.14000701904296875,1235300.0,111.45104217529295,0.7999954223632812,0.00999450683592329,1499600.0,111.7772216796875,0.4499969482421733,-0.28000640869142046,1468500.0
111.83155822753906,0.5499954223632812,-0.3600006103515625,3097000.0,111.2335968017578,0.31000518798828125,0.14000701904296875,1235300.0,111.45104217529295,0.7999954223632812,0.00999450683592329,1499600.0
111.76814270019533,0.5800018310546875,0.26999664306639204,2128400.0,111.83155822753906,0.5499954223632812,-0.3600006103515625,3097000.0,111.2335968017578,0.31000518798828125,0.14000701904296875,1235300.0
109.75674438476562,1.4899978637695455,1.1699981689453267,3703500.0,111.76814270019533,0.5800018310546875,0.26999664306639204,2128400.0,111.83155822753906,0.5499954223632812,-0.3600006103515625,3097000.0
110.0829086303711,1.1699981689453125,-0.5599975585937642,2883400.0,109.75674438476562,1.4899978637695455,1.1699981689453267,3703500.0,111.76814270019533,0.5800018310546875,0.26999664306639204,2128400.0
110.87116241455078,0.9499969482421875,-0.45999908447267046,2144200.0,110.0829086303711,1.1699981689453125,-0.5599975585937642,2883400.0,109.75674438476562,1.4899978637695455,1.1699981689453267,3703500.0
111.46009826660156,0.45999908447265625,-0.34999847412107954,1810100.0,110.87116241455078,0.9499969482421875,-0.45999908447267046,2144200.0,110.0829086303711,1.1699981689453125,-0.5599975585937642,2883400.0
111.6503448486328,0.4400024414062358,0.01999664306640625,1796600.0,111.46009826660156,0.45999908447265625,-0.34999847412107954,1810100.0,110.87116241455078,0.9499969482421875,-0.45999908447267046,2144200.0
111.97652435302734,0.43000030517578125,-0.1499938964843892,1552200.0,111.6503448486328,0.4400024414062358,0.01999664306640625,1796600.0,111.46009826660156,0.45999908447265625,-0.34999847412107954,1810100.0
112.44766998291016,0.4799957275390625,-0.20999908447265625,1492300.0,111.97652435302734,0.43000030517578125,-0.1499938964843892,1552200.0,111.6503448486328,0.4400024414062358,0.01999664306640625,1796600.0
112.42955017089844,0.220001220703125,-0.089996337890625,1320800.0,112.44766998291016,0.4799957275390625,-0.20999908447265625,1492300.0,111.97652435302734,0.43000030517578125,-0.1499938964843892,1552200.0
112.24835205078124,0.34999847412110796,-0.01999664306639204,1348300.0,112.42955017089844,0.220001220703125,-0.089996337890625,1320800.0,112.44766998291016,0.4799957275390625,-0.20999908447265625,1492300.0
112.21209716796876,0.7799987792968608,0.1600036621093892,2043800.0,112.24835205078124,0.34999847412110796,-0.01999664306639204,1348300.0,112.42955017089844,0.220001220703125,-0.089996337890625,1320800.0
113.25404357910156,1.0400009155273438,-0.8300018310546733,1926700.0,112.21209716796876,0.7799987792968608,0.1600036621093892,2043800.0,112.24835205078124,0.34999847412110796,-0.01999664306639204,1348300.0
113.62552642822266,0.7099990844726278,-0.32000732421875,2839300.0,113.25404357910156,1.0400009155273438,-0.8300018310546733,1926700.0,112.21209716796876,0.7799987792968608,0.1600036621093892,2043800.0
113.48053741455078,0.279998779296875,0.1699981689453267,1494200.0,113.62552642822266,0.7099990844726278,-0.32000732421875,2839300.0,113.25404357910156,1.0400009155273438,-0.8300018310546733,1926700.0
113.19062042236328,0.5100021362304688,0.029998779296875,2985200.0,113.48053741455078,0.279998779296875,0.1699981689453267,1494200.0,113.62552642822266,0.7099990844726278,-0.32000732421875,2839300.0
113.31746673583984,0.5599975585937358,0.05000305175782671,1253300.0,113.19062042236328,0.5100021362304688,0.029998779296875,2985200.0,113.48053741455078,0.279998779296875,0.1699981689453267,1494200.0
113.51678466796876,0.6500015258789205,-0.1699981689452983,1826700.0,113.31746673583984,0.5599975585937358,0.05000305175782671,1253300.0,113.19062042236328,0.5100021362304688,0.029998779296875,2985200.0
113.42619323730467,1.5699996948242045,0.29000091552735796,2585600.0,113.51678466796876,0.6500015258789205,-0.1699981689452983,1826700.0,113.31746673583984,0.5599975585937358,0.05000305175782671,1253300.0
113.4080581665039,0.5699996948242472,-0.1100006103515625,1973500.0,113.42619323730467,1.5699996948242045,0.29000091552735796,2585600.0,113.51678466796876,0.6500015258789205,-0.1699981689452983,1826700.0
113.96979522705078,0.5199966430664062,-0.2700042724609375,1567400.0,113.4080581665039,0.5699996948242472,-0.1100006103515625,1973500.0,113.42619323730467,1.5699996948242045,0.29000091552735796,2585600.0
113.80671691894533,0.9199981689453125,0.3899993896484375,2584300.0,113.96979522705078,0.5199966430664062,-0.2700042724609375,1567400.0,113.4080581665039,0.5699996948242472,-0.1100006103515625,1973500.0
113.55303955078124,0.7200012207031392,-0.560005187988267,2483500.0,113.80671691894533,0.9199981689453125,0.3899993896484375,2584300.0,113.96979522705078,0.5199966430664062,-0.2700042724609375,1567400.0
113.48053741455078,0.790000915527358,0.1699981689453267,2018000.0,113.55303955078124,0.7200012207031392,-0.560005187988267,2483500.0,113.80671691894533,0.9199981689453125,0.3899993896484375,2584300.0
114.4046859741211,0.680000305175767,-0.5999984741210795,1816100.0,113.48053741455078,0.790000915527358,0.1699981689453267,2018000.0,113.55303955078124,0.7200012207031392,-0.560005187988267,2483500.0
113.62552642822266,0.7699966430664205,0.75,1359500.0,114.4046859741211,0.680000305175767,-0.5999984741210795,1816100.0,113.48053741455078,0.790000915527358,0.1699981689453267,2018000.0
113.49353790283205,0.6899948120117188,0.4199981689453267,3364600.0,113.62552642822266,0.7699966430664205,0.75,1359500.0,114.4046859741211,0.680000305175767,-0.5999984741210795,1816100.0
113.53903198242188,0.4900054931640483,0.04000091552735796,1639300.0,113.49353790283205,0.6899948120117188,0.4199981689453267,3364600.0,113.62552642822266,0.7699966430664205,0.75,1359500.0
113.82122039794922,0.6100006103515625,-0.24000549316403408,1829300.0,113.53903198242188,0.4900054931640483,0.04000091552735796,1639300.0,113.49353790283205,0.6899948120117188,0.4199981689453267,3364600.0
113.90310668945312,0.7400054931640341,0.3099975585937642,2605600.0,113.82122039794922,0.6100006103515625,-0.24000549316403408,1829300.0,113.53903198242188,0.4900054931640483,0.04000091552735796,1639300.0
112.96560668945312,1.1300048828125,0.9799957275390625,2386300.0,113.90310668945312,0.7400054931640341,0.3099975585937642,2605600.0,113.82122039794922,0.6100006103515625,-0.24000549316403408,1829300.0
114.03055572509766,0.82000732421875,-0.5100021362304688,2444400.0,112.96560668945312,1.1300048828125,0.9799957275390625,2386300.0,113.90310668945312,0.7400054931640341,0.3099975585937642,2605600.0
113.1203384399414,2.0,1.1800003051757812,2354500.0,114.03055572509766,0.82000732421875,-0.5100021362304688,2444400.0,112.96560668945312,1.1300048828125,0.9799957275390625,2386300.0
113.27509307861328,0.599998474121108,0.31000518798828125,1910000.0,113.1203384399414,2.0,1.1800003051757812,2354500.0,114.03055572509766,0.82000732421875,-0.5100021362304688,2444400.0
113.54814910888672,0.5500030517577983,0.23999786376951704,1645700.0,113.27509307861328,0.599998474121108,0.31000518798828125,1910000.0,113.1203384399414,2.0,1.1800003051757812,2354500.0
113.67557525634766,0.6299972534179688,0.09000396728515625,2167500.0,113.54814910888672,0.5500030517577983,0.23999786376951704,1645700.0,113.27509307861328,0.599998474121108,0.31000518798828125,1910000.0
112.5560302734375,0.9900054931640341,0.7799987792968608,1881800.0,113.67557525634766,0.6299972534179688,0.09000396728515625,2167500.0,113.54814910888672,0.5500030517577983,0.23999786376951704,1645700.0
113.33879089355467,0.7200012207031392,-0.55999755859375,1709700.0,112.5560302734375,0.9900054931640341,0.7799987792968608,1881800.0,113.67557525634766,0.6299972534179688,0.09000396728515625,2167500.0
113.42071533203124,0.4700012207031108,-0.1100006103515625,1404700.0,113.33879089355467,0.7200012207031392,-0.55999755859375,1709700.0,112.5560302734375,0.9900054931640341,0.7799987792968608,1881800.0
113.3934326171875,0.9000015258789205,-0.05000305175779829,1560200.0,113.42071533203124,0.4700012207031108,-0.1100006103515625,1404700.0,113.33879089355467,0.7200012207031392,-0.55999755859375,1709700.0
114.20348358154295,0.5299987792968608,-0.2700042724609233,1993100.0,113.3934326171875,0.9000015258789205,-0.05000305175779829,1560200.0,113.42071533203124,0.4700012207031108,-0.1100006103515625,1404700.0
114.38552856445312,0.45000457763671875,-0.1100006103515625,1514100.0,114.20348358154295,0.5299987792968608,-0.2700042724609233,1993100.0,113.3934326171875,0.9000015258789205,-0.05000305175779829,1560200.0
114.8952407836914,0.8499984741210938,-0.4600067138671875,1410900.0,114.38552856445312,0.45000457763671875,-0.1100006103515625,1514100.0,114.20348358154295,0.5299987792968608,-0.2700042724609233,1993100.0
114.8952407836914,0.32999420166015625,0.04999542236328125,1798400.0,114.8952407836914,0.8499984741210938,-0.4600067138671875,1410900.0,114.38552856445312,0.45000457763671875,-0.1100006103515625,1514100.0
114.9680633544922,0.5500030517577983,-0.1999969482422017,2010000.0,114.8952407836914,0.32999420166015625,0.04999542236328125,1798400.0,114.8952407836914,0.8499984741210938,-0.4600067138671875,1410900.0
115.63250732421876,0.5400009155273153,-0.5299987792968608,1276400.0,114.9680633544922,0.5500030517577983,-0.1999969482422017,2010000.0,114.8952407836914,0.32999420166015625,0.04999542236328125,1798400.0
115.70533752441406,0.4799957275390767,0.15999603271482954,1463800.0,115.63250732421876,0.5400009155273153,-0.5299987792968608,1276400.0,114.9680633544922,0.5500030517577983,-0.1999969482422017,2010000.0
115.55059051513672,0.34999847412107954,-0.1399993896484375,1819500.0,115.70533752441406,0.4799957275390767,0.15999603271482954,1463800.0,115.63250732421876,0.5400009155273153,-0.5299987792968608,1276400.0
115.5596923828125,0.3699951171875284,-0.04999542236328125,4897700.0,115.55059051513672,0.34999847412107954,-0.1399993896484375,1819500.0,115.70533752441406,0.4799957275390767,0.15999603271482954,1463800.0
115.94197845458984,0.37000274658201704,0.13000488281252842,1709400.0,115.5596923828125,0.3699951171875284,-0.04999542236328125,4897700.0,115.55059051513672,0.34999847412107954,-0.1399993896484375,1819500.0
115.86005401611328,0.43000030517576704,0.26000213623045454,1624400.0,115.94197845458984,0.37000274658201704,0.13000488281252842,1709400.0,115.5596923828125,0.3699951171875284,-0.04999542236328125,4897700.0
115.6598129272461,1.270004272460909,0.5100021362304545,1707800.0,115.86005401611328,0.43000030517576704,0.26000213623045454,1624400.0,115.94197845458984,0.37000274658201704,0.13000488281252842,1709400.0
115.46867370605467,0.4199981689453125,-0.0800018310546875,1651800.0,115.6598129272461,1.270004272460909,0.5100021362304545,1707800.0,115.86005401611328,0.43000030517576704,0.26000213623045454,1624400.0
115.40496063232422,0.5599975585937358,0.31999969482421875,1496600.0,115.46867370605467,0.4199981689453125,-0.0800018310546875,1651800.0,115.6598129272461,1.270004272460909,0.5100021362304545,1707800.0
115.64163208007812,0.40999603271485796,0.12999725341798296,1790600.0,115.40496063232422,0.5599975585937358,0.31999969482421875,1496600.0,115.46867370605467,0.4199981689453125,-0.0800018310546875,1651800.0
115.53238677978516,0.769996643066392,0.20999908447265625,2929400.0,115.64163208007812,0.40999603271485796,0.12999725341798296,1790600.0,115.40496063232422,0.5599975585937358,0.31999969482421875,1496600.0
115.26842498779295,0.39000701904296875,0.26000213623046875,2582500.0,115.53238677978516,0.769996643066392,0.20999908447265625,2929400.0,115.64163208007812,0.40999603271485796,0.12999725341798296,1790600.0
115.51419067382812,0.37000274658201704,0.089996337890625,972400.0,115.26842498779295,0.39000701904296875,0.26000213623046875,2582500.0,115.53238677978516,0.769996643066392,0.20999908447265625,2929400.0
115.74173736572266,0.3000030517578267,-0.10000610351561079,1114700.0,115.51419067382812,0.37000274658201704,0.089996337890625,972400.0,115.26842498779295,0.39000701904296875,0.26000213623046875,2582500.0
115.42316436767578,1.1100006103515625,0.24000549316403408,1360300.0,115.74173736572266,0.3000030517578267,-0.10000610351561079,1114700.0,115.51419067382812,0.37000274658201704,0.089996337890625,972400.0
115.29574584960938,0.5200042724609091,-0.31999969482423296,1679900.0,115.42316436767578,1.1100006103515625,0.24000549316403408,1360300.0,115.74173736572266,0.3000030517578267,-0.10000610351561079,1114700.0
113.60274505615234,1.409996032714858,1.3300018310546733,2455300.0,115.29574584960938,0.5200042724609091,-0.31999969482423296,1679900.0,115.42316436767578,1.1100006103515625,0.24000549316403408,1360300.0
113.8121109008789,0.529998779296875,-0.09999847412110796,2039100.0,113.60274505615234,1.409996032714858,1.3300018310546733,2455300.0,115.29574584960938,0.5200042724609091,-0.31999969482423296,1679900.0
114.97715759277344,0.8199996948242188,-0.5199966430664205,1467400.0,113.8121109008789,0.529998779296875,-0.09999847412110796,2039100.0,113.60274505615234,1.409996032714858,1.3300018310546733,2455300.0
114.8679428100586,0.5499954223632812,0.4100036621093608,1523000.0,114.97715759277344,0.8199996948242188,-0.5199966430664205,1467400.0,113.8121109008789,0.529998779296875,-0.09999847412110796,2039100.0
115.07727813720705,0.5699996948242045,0.06999969482421875,1379800.0,114.8679428100586,0.5499954223632812,0.4100036621093608,1523000.0,114.97715759277344,0.8199996948242188,-0.5199966430664205,1467400.0
113.2477798461914,1.870002746582017,1.6699981689452983,3440500.0,115.07727813720705,0.5699996948242045,0.06999969482421875,1379800.0,114.8679428100586,0.5499954223632812,0.4100036621093608,1523000.0
113.05662536621094,0.9900054931640341,0.2700042724609375,2836500.0,113.2477798461914,1.870002746582017,1.6699981689452983,3440500.0,115.07727813720705,0.5699996948242045,0.06999969482421875,1379800.0
113.22046661376952,0.69000244140625,-0.1699981689453125,1627300.0,113.05662536621094,0.9900054931640341,0.2700042724609375,2836500.0,113.2477798461914,1.870002746582017,1.6699981689452983,3440500.0
114.35823059082033,1.1900024414062358,-0.9099960327148438,2089500.0,113.22046661376952,0.69000244140625,-0.1699981689453125,1627300.0,113.05662536621094,0.9900054931640341,0.2700042724609375,2836500.0
114.0123519897461,0.4900054931640767,-0.1900024414062642,1268800.0,114.35823059082033,1.1900024414062358,-0.9099960327148438,2089500.0,113.22046661376952,0.69000244140625,-0.1699981689453125,1627300.0
113.83030700683594,0.6899948120117188,0.4400024414062358,1381700.0,114.0123519897461,0.4900054931640767,-0.1900024414062642,1268800.0,114.35823059082033,1.1900024414062358,-0.9099960327148438,2089500.0
114.10336303710938,0.6100006103515767,0.05999755859376421,1158200.0,113.83030700683594,0.6899948120117188,0.4400024414062358,1381700.0,114.0123519897461,0.4900054931640767,-0.1900024414062642,1268800.0
114.14889526367188,0.5500030517578125,0.25,1787900.0,114.10336303710938,0.6100006103515767,0.05999755859376421,1158200.0,113.83030700683594,0.6899948120117188,0.4400024414062358,1381700.0
114.19438934326172,1.1000061035156392,-0.8700027465820312,1312300.0,114.14889526367188,0.5500030517578125,0.25,1787900.0,114.10336303710938,0.6100006103515767,0.05999755859376421,1158200.0
114.79512786865234,0.9000015258789205,-0.6600036621093892,1730600.0,114.19438934326172,1.1000061035156392,-0.8700027465820312,1312300.0,114.14889526367188,0.5500030517578125,0.25,1787900.0
115.5779037475586,0.6800003051757812,-0.5200042724609375,3384400.0,114.79512786865234,0.9000015258789205,-0.6600036621093892,1730600.0,114.19438934326172,1.1000061035156392,-0.8700027465820312,1312300.0
115.84185791015624,0.3399963378906108,-0.0399932861328125,2122600.0,115.5779037475586,0.6800003051757812,-0.5200042724609375,3384400.0,114.79512786865234,0.9000015258789205,-0.6600036621093892,1730600.0
114.94987487792967,1.409996032714858,0.629997253417983,2319000.0,115.84185791015624,0.3399963378906108,-0.0399932861328125,2122600.0,115.5779037475586,0.6800003051757812,-0.5200042724609375,3384400.0
115.26842498779295,0.5400009155273438,0.05000305175779829,1449900.0,114.94987487792967,1.409996032714858,0.629997253417983,2319000.0,115.84185791015624,0.3399963378906108,-0.0399932861328125,2122600.0
115.2138214111328,0.6399993896484375,0.37999725341798296,1218600.0,115.26842498779295,0.5400009155273438,0.05000305175779829,1449900.0,114.94987487792967,1.409996032714858,0.629997253417983,2319000.0
115.13191986083984,0.4700012207031108,-0.1399993896484233,1206100.0,115.2138214111328,0.6399993896484375,0.37999725341798296,1218600.0,115.26842498779295,0.5400009155273438,0.05000305175779829,1449900.0
116.36978149414062,0.7600021362304688,-0.6999969482421875,1346500.0,115.13191986083984,0.4700012207031108,-0.1399993896484233,1206100.0,115.2138214111328,0.6399993896484375,0.37999725341798296,1218600.0
116.81578063964844,0.339996337890625,-0.3000030517578125,2264200.0,116.36978149414062,0.7600021362304688,-0.6999969482421875,1346500.0,115.13191986083984,0.4700012207031108,-0.1399993896484233,1206100.0
116.8703842163086,0.290008544921875,-0.1699981689453125,1692500.0,116.81578063964844,0.339996337890625,-0.3000030517578125,2264200.0,116.36978149414062,0.7600021362304688,-0.6999969482421875,1346500.0
116.83396911621094,0.4099884033203125,-0.1300048828125,1493200.0,116.8703842163086,0.290008544921875,-0.1699981689453125,1692500.0,116.81578063964844,0.339996337890625,-0.3000030517578125,2264200.0
117.05242919921876,0.4199981689453125,-0.290008544921875,1531300.0,116.83396911621094,0.4099884033203125,-0.1300048828125,1493200.0,116.8703842163086,0.290008544921875,-0.1699981689453125,1692500.0
117.33460235595705,0.410003662109375,-0.05999755859375,1792300.0,117.05242919921876,0.4199981689453125,-0.290008544921875,1531300.0,116.83396911621094,0.4099884033203125,-0.1300048828125,1493200.0
117.3892059326172,0.25,0.089996337890625,1241700.0,117.33460235595705,0.410003662109375,-0.05999755859375,1792300.0,117.05242919921876,0.4199981689453125,-0.290008544921875,1531300.0
117.58036041259766,0.6100006103515625,-0.079986572265625,1729200.0,117.3892059326172,0.25,0.089996337890625,1241700.0,117.33460235595705,0.410003662109375,-0.05999755859375,1792300.0
117.252685546875,0.410003662109375,0.29998779296875,1730600.0,117.58036041259766,0.6100006103515625,-0.079986572265625,1729200.0,117.3892059326172,0.25,0.089996337890625,1241700.0
117.3468246459961,0.45000457763673296,-0.2299957275390625,1601600.0,117.252685546875,0.410003662109375,0.29998779296875,1730600.0,117.58036041259766,0.6100006103515625,-0.079986572265625,1729200.0
117.15486907958984,0.7399902343750142,0.0800018310546875,2186000.0,117.3468246459961,0.45000457763673296,-0.2299957275390625,1601600.0,117.252685546875,0.410003662109375,0.29998779296875,1730600.0
117.18230438232422,0.399993896484375,0.160003662109375,1851500.0,117.15486907958984,0.7399902343750142,0.0800018310546875,2186000.0,117.3468246459961,0.45000457763673296,-0.2299957275390625,1601600.0
117.82217407226562,0.9300079345703125,-0.0500030517578125,2374400.0,117.18230438232422,0.399993896484375,0.160003662109375,1851500.0,117.15486907958984,0.7399902343750142,0.0800018310546875,2186000.0
118.01415252685548,0.470001220703125,-0.279998779296875,1484800.0,117.82217407226562,0.9300079345703125,-0.0500030517578125,2374400.0,117.18230438232422,0.399993896484375,0.160003662109375,1851500.0
118.3980712890625,0.5500030517578125,-0.5,1720600.0,118.01415252685548,0.470001220703125,-0.279998779296875,1484800.0,117.82217407226562,0.9300079345703125,-0.0500030517578125,2374400.0
119.01969146728516,0.649993896484375,-0.55999755859375,2678000.0,118.3980712890625,0.5500030517578125,-0.5,1720600.0,118.01415252685548,0.470001220703125,-0.279998779296875,1484800.0
119.2573471069336,0.3699951171875,-0.1500091552734375,1825100.0,119.01969146728516,0.649993896484375,-0.55999755859375,2678000.0,118.3980712890625,0.5500030517578125,-0.5,1720600.0
119.3761978149414,0.4799957275390625,-0.1399993896484375,1495700.0,119.2573471069336,0.3699951171875,-0.1500091552734375,1825100.0,119.01969146728516,0.649993896484375,-0.55999755859375,2678000.0
120.0069580078125,0.6199951171875,-0.5500030517578125,2387200.0,119.3761978149414,0.4799957275390625,-0.1399993896484375,1495700.0,119.2573471069336,0.3699951171875,-0.1500091552734375,1825100.0
119.92466735839844,0.3199920654296875,-0.1300048828125,1635000.0,120.0069580078125,0.6199951171875,-0.5500030517578125,2387200.0,119.3761978149414,0.4799957275390625,-0.1399993896484375,1495700.0
119.68701171875,0.600006103515625,0.3700103759765625,1012100.0,119.92466735839844,0.3199920654296875,-0.1300048828125,1635000.0,120.0069580078125,0.6199951171875,-0.5500030517578125,2387200.0
119.9704132080078,0.5399932861328125,0.0099945068359375,2915300.0,119.68701171875,0.600006103515625,0.3700103759765625,1012100.0,119.92466735839844,0.3199920654296875,-0.1300048828125,1635000.0
120.13492584228516,0.329986572265625,-0.17999267578125,2012700.0,119.9704132080078,0.5399932861328125,0.0099945068359375,2915300.0,119.68701171875,0.600006103515625,0.3700103759765625,1012100.0
119.98868560791016,0.3300018310546875,-0.0999908447265625,2171200.0,120.13492584228516,0.329986572265625,-0.17999267578125,2012700.0,119.9704132080078,0.5399932861328125,0.0099945068359375,2915300.0
120.08008575439452,0.30999755859375,0.19000244140625,1543900.0,119.98868560791016,0.3300018310546875,-0.0999908447265625,2171200.0,120.13492584228516,0.329986572265625,-0.17999267578125,2012700.0
120.16236114501952,0.3799896240234375,0.0500030517578125,1789500.0,120.08008575439452,0.30999755859375,0.19000244140625,1543900.0,119.98868560791016,0.3300018310546875,-0.0999908447265625,2171200.0
120.21720123291016,0.230010986328125,-0.0099945068359375,1340600.0,120.16236114501952,0.3799896240234375,0.0500030517578125,1789500.0,120.08008575439452,0.30999755859375,0.19000244140625,1543900.0
